transaction_id,supplier_id,order_value,delivery_delay_days,defect_rate,cost_variance
1,47,80644,14,0.105,10.3
2,192,90418,2,0.103,14.67
3,107,31450,10,0.1,7.41
4,148,98249,17,0.093,8.11
5,130,62114,16,0.129,-5.52
6,180,62211,6,0.05,-8.02
7,125,22908,19,0.11,8.62
8,21,8002,8,0.1,-0.02
9,57,2151,16,0.072,3.88
10,90,56389,4,0.09,14.92
11,126,90006,19,0.192,8.98
12,41,23917,7,0.182,11.07
13,37,52361,10,0.175,-0.01
14,76,63387,7,0.08,12.4
15,151,15689,19,0.192,13.63
16,4,49243,10,0.187,-5.84
17,55,99420,11,0.1,13.41
18,91,16508,5,0.142,2.59
19,192,95849,9,0.095,4.81
20,192,79121,11,0.067,-2.39
21,135,25902,18,0.04,-9.52
22,190,27873,1,0.188,14.86
23,115,18088,6,0.06,13.07
24,26,10821,12,0.025,4.57
25,77,74412,19,0.021,-6.73
26,159,41325,0,0.056,-0.99
27,37,98437,11,0.115,-2.19
28,38,49652,1,0.153,-5.86
29,56,76329,6,0.034,0.83
30,78,59958,4,0.036,-5.52
31,170,12269,16,0.161,0.32
32,190,23712,19,0.039,12.18
33,84,46624,1,0.154,12.92
34,180,60282,20,0.092,12.36
35,59,6634,19,0.015,-4.27
36,13,16581,10,0.145,1.22
37,128,87126,10,0.091,11.23
38,152,6289,19,0.143,3.32
39,200,55038,18,0.026,-3.74
40,122,14716,5,0.131,-2.25
41,58,14939,4,0.138,0.37
42,122,90328,2,0.189,11.88
43,46,41610,17,0.002,7.86
44,75,74848,2,0.183,0.35
45,88,96775,8,0.108,6.76
46,153,20747,19,0.02,9.27
47,1,35376,20,0.048,0.37
48,34,17238,0,0.027,0.78
49,76,81603,8,0.118,6.1
50,3,78750,20,0.155,-3.02
51,46,58724,16,0.164,4.78
52,107,67308,16,0.096,11.16
53,175,47434,6,0.047,-0.77
54,153,95304,3,0.198,6.31
55,56,1238,2,0.175,8.13
56,119,76415,5,0.141,-3.42
57,66,34779,5,0.18,7.97
58,136,4835,15,0.172,-5.74
59,7,35507,6,0.105,-7.73
60,99,51671,3,0.062,-2.89
61,27,5435,15,0.194,-6.44
62,146,24452,11,0.018,-7.77
63,4,91500,17,0.077,-8.25
64,140,83723,4,0.152,0.57
65,82,45009,19,0.015,-5.94
66,34,91353,3,0.025,14.46
67,105,66297,18,0.03,-4.82
68,5,76249,16,0.054,-3.15
69,75,56031,14,0.057,-6.1
70,44,20628,11,0.041,2.14
71,12,16690,20,0.171,-1.47
72,144,37664,10,0.151,14.55
73,133,10714,1,0.107,3.81
74,85,6996,1,0.162,14.93
75,85,12467,18,0.11,13.45
76,47,28545,20,0.019,6.77
77,131,90493,18,0.159,9.58
78,173,63225,7,0.009,4.76
79,85,89401,8,0.013,3.2
80,76,45352,16,0.02,7.35
81,102,20509,16,0.193,-2.82
82,104,9740,19,0.052,-5.06
83,90,29363,4,0.176,13.75
84,65,31930,10,0.137,9.3
85,151,64069,6,0.193,1.71
86,152,3617,15,0.138,7.16
87,17,78693,15,0.137,-1.24
88,56,78672,19,0.067,7.99
89,59,35475,9,0.007,-5.59
90,17,83944,19,0.144,6.59
91,131,38691,20,0.167,6.62
92,166,64194,19,0.035,-9.03
93,43,58879,15,0.015,-8.65
94,106,97610,1,0.153,-3.99
95,152,73602,9,0.13,-7.37
96,26,49348,16,0.131,1.14
97,140,49847,12,0.002,-7.6
98,57,78420,17,0.078,0.25
99,194,11732,20,0.199,-8.57
100,17,20118,11,0.185,6.22
101,37,97896,13,0.191,1.39
102,142,28812,8,0.193,-1.39
103,97,25905,8,0.198,-1.87
104,109,82546,13,0.088,7.67
105,196,65760,17,0.167,-7.01
106,75,25831,11,0.099,-8.7
107,189,2171,12,0.139,10.37
108,184,34081,3,0.054,3.93
109,117,83015,2,0.195,-9.48
110,144,87073,8,0.041,4.43
111,196,65651,15,0.033,4.75
112,176,69883,15,0.099,9.38
113,92,18428,16,0.058,5.64
114,36,20805,19,0.074,8.6
115,150,75818,9,0.13,-0.16
116,114,50006,14,0.188,2.18
117,87,29488,1,0.143,-9.64
118,140,16089,10,0.043,3.63
119,135,56394,0,0.169,13.43
120,161,26638,20,0.181,11.51
121,28,99792,0,0.195,11.49
122,45,73835,3,0.055,-9.5
123,165,2609,11,0.064,-7.26
124,1,33797,2,0.163,-8.21
125,38,32673,20,0.15,-3.82
126,62,53942,11,0.149,-0.3
127,37,52020,3,0.028,-6.02
128,157,21245,13,0.154,7.24
129,136,95837,3,0.012,-6.05
130,11,36056,4,0.095,-5.52
131,72,50093,7,0.097,7.34
132,1,63754,10,0.077,12.02
133,48,59318,2,0.04,-1.79
134,7,80720,4,0.062,13.36
135,126,43808,12,0.033,6.77
136,198,15634,7,0.068,-5.28
137,83,90964,4,0.034,0.05
138,152,78611,4,0.046,-9.35
139,45,18233,16,0.193,-8.39
140,196,7850,7,0.011,-3.55
141,80,18211,13,0.159,13.01
142,63,21609,20,0.111,-1.46
143,80,63215,0,0.185,4.02
144,165,62350,12,0.116,-5.89
145,59,57338,1,0.172,2.65
146,64,69921,14,0.116,3.14
147,184,19367,20,0.087,2.8
148,183,95578,10,0.07,-4.46
149,31,26042,16,0.018,11.29
150,63,2614,14,0.17,-0.19
151,136,93099,6,0.014,14.43
152,103,67383,17,0.091,-1.02
153,34,71921,18,0.166,0.13
154,174,86128,14,0.022,-8.97
155,64,98455,17,0.094,-9.14
156,132,12938,8,0.089,-9.48
157,148,78287,1,0.183,7.09
158,60,71346,9,0.063,-7.47
159,84,73901,6,0.109,4.92
160,33,28989,6,0.171,1.03
161,170,60289,11,0.066,-3.81
162,157,91789,20,0.075,2.27
163,75,7294,14,0.036,12.8
164,200,47577,16,0.1,2.97
165,84,71949,19,0.109,-2.38
166,180,66856,3,0.134,-3.03
167,178,66390,20,0.007,-0.51
168,68,27836,7,0.144,-8.16
169,33,62080,6,0.0,-9.16
170,109,80371,11,0.04,8.79
171,52,77296,5,0.003,-9.09
172,200,47667,16,0.108,14.66
173,185,67335,6,0.154,-6.73
174,28,49033,6,0.02,10.28
175,98,8088,13,0.031,-9.77
176,87,24125,8,0.104,9.19
177,145,89017,8,0.025,4.71
178,88,60850,7,0.081,12.15
179,140,26457,12,0.04,4.43
180,150,19162,2,0.141,-8.82
181,59,20109,1,0.2,-5.46
182,16,63715,18,0.16,-6.78
183,144,61666,5,0.114,-0.19
184,187,11496,10,0.112,0.03
185,179,41569,0,0.08,11.7
186,100,45347,12,0.163,-3.82
187,83,65694,9,0.132,14.56
188,187,89653,13,0.071,0.54
189,51,15921,5,0.155,-5.85
190,151,24578,1,0.131,7.12
191,77,34820,19,0.11,-9.62
192,6,23760,10,0.167,-7.54
193,118,10028,13,0.064,13.24
194,153,50828,2,0.091,-9.12
195,56,66024,11,0.101,-2.8
196,49,44978,5,0.038,10.79
197,166,94170,17,0.007,5.18
198,155,38806,16,0.149,-0.67
199,12,45701,16,0.102,3.41
200,60,26960,7,0.196,6.61
201,146,97121,14,0.198,-1.9
202,63,63626,15,0.024,-0.07
203,54,69364,11,0.064,13.65
204,107,81958,17,0.129,12.52
205,53,97786,20,0.159,-0.23
206,136,54556,11,0.141,5.21
207,154,81132,5,0.04,10.98
208,180,84953,8,0.073,3.76
209,143,64122,9,0.18,13.77
210,47,81754,0,0.091,-9.32
211,55,66264,16,0.051,6.29
212,186,68747,1,0.18,9.38
213,200,13792,16,0.09,-4.57
214,104,55525,16,0.011,-6.32
215,81,4745,10,0.112,2.66
216,127,24625,9,0.159,9.32
217,78,2796,15,0.109,13.9
218,105,8815,12,0.15,12.69
219,180,91036,7,0.135,0.7
220,46,53673,7,0.025,9.22
221,112,89531,6,0.073,-1.44
222,4,60319,18,0.154,3.16
223,67,77529,11,0.015,4.73
224,91,39091,1,0.099,-8.08
225,114,62808,6,0.047,8.58
226,50,4731,19,0.025,14.31
227,58,23966,9,0.042,13.86
228,62,90441,3,0.098,7.69
229,69,11740,0,0.176,6.94
230,109,85701,4,0.169,-5.46
231,17,32933,6,0.043,-1.51
232,80,85915,6,0.178,-3.35
233,107,22420,0,0.198,1.24
234,141,68539,14,0.177,8.68
235,41,93151,19,0.111,9.88
236,199,7021,16,0.162,2.81
237,18,5108,15,0.09,9.45
238,181,8583,12,0.04,2.23
239,199,32582,20,0.089,8.79
240,118,89461,6,0.073,0.72
241,107,8786,2,0.199,3.26
242,154,48475,15,0.141,-5.54
243,135,78928,0,0.048,12.29
244,29,79520,1,0.118,-3.03
245,102,63188,10,0.155,-1.85
246,37,97792,19,0.075,2.78
247,58,85938,5,0.1,4.62
248,132,6361,10,0.193,7.42
249,182,36396,0,0.188,12.51
250,10,93913,19,0.123,1.05
251,59,93498,11,0.075,14.07
252,33,96661,7,0.09,7.31
253,105,24024,18,0.069,13.61
254,82,67699,11,0.072,10.63
255,108,66712,9,0.012,10.26
256,133,19284,2,0.171,12.26
257,77,50374,6,0.045,9.2
258,168,96904,18,0.011,-3.78
259,173,42174,11,0.106,3.61
260,161,54954,15,0.031,-3.9
261,115,82273,4,0.184,6.27
262,170,82188,8,0.046,-2.67
263,29,13939,19,0.099,8.2
264,163,69959,20,0.147,1.14
265,174,91657,13,0.08,3.88
266,54,63534,19,0.197,14.02
267,168,59394,7,0.161,11.03
268,55,48218,17,0.095,2.43
269,122,45409,10,0.194,-7.14
270,67,74067,12,0.058,-1.29
271,120,34700,9,0.114,1.0
272,137,1699,14,0.062,13.0
273,142,26806,2,0.188,6.92
274,179,20798,10,0.073,10.44
275,19,47382,12,0.123,-5.23
276,191,37052,12,0.172,14.24
277,166,92974,2,0.003,7.55
278,51,50922,14,0.177,13.25
279,144,19924,13,0.088,11.94
280,84,6408,5,0.076,-7.7
281,187,48760,1,0.195,-7.69
282,56,8406,10,0.012,2.97
283,156,68165,5,0.109,-9.57
284,53,98245,19,0.146,12.52
285,116,41868,13,0.087,13.54
286,119,91755,4,0.164,6.65
287,76,85247,19,0.102,0.34
288,134,91304,2,0.027,-4.73
289,68,71179,18,0.105,8.68
290,142,46783,3,0.039,-4.71
291,65,45352,1,0.154,-9.44
292,98,69276,10,0.044,-6.28
293,54,57897,19,0.121,-1.12
294,18,27521,6,0.019,1.31
295,55,55245,9,0.065,13.92
296,161,54241,11,0.062,-1.43
297,160,1895,7,0.199,14.41
298,133,81789,10,0.057,-1.06
299,83,54025,17,0.16,11.19
300,195,30366,5,0.118,-2.92
301,184,7858,3,0.108,0.84
302,161,91709,10,0.046,12.41
303,36,61748,15,0.022,8.01
304,143,15366,11,0.013,14.31
305,114,65275,9,0.159,14.86
306,45,82538,19,0.004,-0.94
307,38,42677,5,0.066,10.48
308,135,50278,5,0.071,-7.9
309,188,24423,15,0.007,4.28
310,116,83027,9,0.066,-0.87
311,183,29527,17,0.146,-9.41
312,54,46675,16,0.141,8.31
313,15,50289,13,0.102,-7.04
314,29,25959,2,0.057,-1.24
315,22,39164,19,0.09,8.41
316,27,92874,4,0.059,-7.14
317,53,17965,0,0.165,-3.95
318,193,3130,13,0.022,1.38
319,97,24535,11,0.038,4.97
320,64,32394,11,0.194,-6.33
321,97,67917,15,0.144,11.91
322,121,17250,18,0.15,0.9
323,46,22711,3,0.15,-3.55
324,116,75735,1,0.194,-5.02
325,8,91472,15,0.188,-8.64
326,173,11824,3,0.123,-1.61
327,122,18210,7,0.134,-3.13
328,153,7656,17,0.143,2.77
329,71,16170,7,0.172,1.4
330,136,57258,7,0.186,14.61
331,77,93831,5,0.059,-4.94
332,126,55910,1,0.135,13.53
333,191,12112,15,0.072,4.14
334,103,77002,18,0.081,-8.44
335,52,77018,16,0.125,-0.46
336,48,87857,16,0.031,-0.58
337,127,79307,12,0.121,2.17
338,146,63040,19,0.176,4.67
339,46,6900,5,0.173,11.82
340,64,75080,18,0.032,4.67
341,179,31928,20,0.185,7.58
342,43,79237,15,0.08,2.07
343,71,86046,9,0.172,14.8
344,156,90189,8,0.167,2.01
345,148,66173,16,0.062,12.39
346,141,72169,13,0.15,-0.73
347,117,10026,6,0.09,-6.35
348,22,57461,0,0.038,-5.74
349,198,47416,18,0.051,-1.89
350,159,18898,11,0.141,-5.71
351,132,70202,20,0.188,13.82
352,169,86587,10,0.019,8.61
353,122,33617,10,0.035,-7.06
354,127,53151,8,0.135,9.47
355,32,7183,5,0.183,7.64
356,155,58643,20,0.077,-3.0
357,62,52240,6,0.098,9.58
358,114,78457,20,0.198,2.47
359,87,13613,11,0.078,11.02
360,200,57165,9,0.059,-6.96
361,183,70735,11,0.002,8.59
362,1,72421,8,0.072,13.45
363,164,22899,3,0.021,14.95
364,61,88189,3,0.075,13.94
365,81,60142,19,0.072,-3.32
366,100,25589,3,0.056,8.8
367,178,32513,9,0.081,14.03
368,74,97779,15,0.011,-8.46
369,148,47918,6,0.021,10.51
370,122,72878,5,0.054,-4.53
371,107,28144,20,0.122,-4.28
372,25,79512,9,0.11,8.21
373,22,69401,6,0.16,8.21
374,132,39179,17,0.057,3.6
375,161,37225,8,0.12,-7.38
376,48,53544,9,0.019,10.45
377,149,90033,12,0.179,3.07
378,127,62920,8,0.116,9.1
379,52,18685,6,0.18,10.97
380,67,56953,16,0.148,8.72
381,103,64075,19,0.029,7.87
382,113,6750,18,0.194,-1.39
383,165,4961,2,0.197,0.06
384,133,18181,2,0.112,8.43
385,142,58542,17,0.194,9.52
386,54,53326,12,0.016,9.47
387,121,92222,8,0.075,-1.74
388,15,86737,15,0.161,-5.9
389,55,84753,14,0.034,-5.97
390,90,73195,0,0.022,1.7
391,112,5033,3,0.196,8.97
392,92,43207,5,0.185,-1.29
393,81,90769,20,0.011,-7.31
394,190,27405,8,0.074,8.57
395,4,64578,18,0.019,-3.84
396,20,88536,3,0.169,2.23
397,73,10360,12,0.15,8.16
398,22,37350,7,0.057,13.12
399,16,38776,9,0.096,-1.78
400,84,85227,8,0.083,9.15
401,42,46319,11,0.16,7.01
402,82,84562,9,0.138,-8.97
403,125,48901,7,0.063,6.72
404,129,28205,19,0.139,3.87
405,197,93196,3,0.036,12.86
406,29,82117,9,0.055,1.18
407,172,71899,2,0.107,3.28
408,123,24210,19,0.123,6.26
409,96,9412,6,0.123,6.16
410,133,50647,17,0.155,2.85
411,91,77956,5,0.072,-9.01
412,120,1692,11,0.061,8.97
413,124,96630,10,0.109,2.25
414,36,85349,6,0.161,10.84
415,133,97031,6,0.039,0.13
416,68,21048,4,0.128,14.76
417,103,40136,9,0.142,-7.7
418,65,57282,18,0.12,-9.79
419,173,35204,5,0.106,3.81
420,60,52000,10,0.133,-6.65
421,83,51210,14,0.191,0.14
422,6,70659,1,0.052,10.86
423,188,49270,6,0.167,12.61
424,78,60445,13,0.024,11.55
425,137,42924,17,0.069,-1.45
426,190,59473,20,0.153,9.27
427,99,67358,2,0.11,-5.32
428,79,52683,0,0.159,6.81
429,79,88572,9,0.181,11.92
430,17,88666,0,0.076,-5.04
431,100,41371,16,0.162,7.37
432,77,47432,9,0.168,5.76
433,38,12714,2,0.18,9.86
434,63,77396,12,0.034,14.01
435,136,25342,18,0.035,-3.72
436,138,41924,16,0.001,8.63
437,14,7578,16,0.023,9.52
438,38,60949,12,0.073,1.9
439,85,50467,18,0.055,12.58
440,36,40184,4,0.084,-0.39
441,140,67089,0,0.057,14.6
442,39,76290,9,0.036,-3.38
443,85,47041,0,0.187,2.68
444,168,49126,6,0.12,-9.15
445,20,60073,8,0.128,7.01
446,193,63069,0,0.034,12.47
447,186,23447,14,0.116,14.6
448,123,50286,2,0.162,8.49
449,78,55110,19,0.125,1.13
450,44,66643,19,0.072,0.2
451,171,90624,16,0.02,5.14
452,175,42955,18,0.022,11.41
453,117,65761,7,0.154,1.9
454,33,87699,13,0.123,-3.6
455,184,42413,2,0.028,2.95
456,10,12901,13,0.015,10.54
457,8,40754,18,0.183,14.84
458,15,34516,14,0.122,-4.8
459,93,47322,7,0.167,10.29
460,193,41423,17,0.169,-1.42
461,55,3870,11,0.197,7.69
462,11,36630,8,0.14,14.55
463,149,87744,5,0.103,10.42
464,81,84791,10,0.12,-2.44
465,55,5534,1,0.19,12.74
466,78,92204,0,0.006,11.78
467,146,72566,16,0.159,-0.07
468,154,16049,14,0.194,-8.71
469,161,20650,16,0.064,6.93
470,6,90093,11,0.021,9.71
471,65,30324,20,0.086,14.12
472,82,69992,8,0.056,9.43
473,46,21687,4,0.166,-3.19
474,161,31745,6,0.153,4.97
475,78,65798,20,0.016,2.49
476,11,85274,11,0.082,6.16
477,72,40573,8,0.018,8.52
478,47,66451,7,0.03,8.92
479,55,65606,5,0.038,4.86
480,24,92400,3,0.087,-9.44
481,21,84214,12,0.004,14.12
482,37,66494,18,0.126,11.56
483,83,34709,3,0.127,-1.08
484,70,70632,18,0.068,-8.03
485,170,57632,2,0.066,3.67
486,122,11778,9,0.139,10.15
487,27,82246,3,0.196,2.15
488,189,43019,1,0.048,0.92
489,53,9769,15,0.123,14.15
490,42,97949,8,0.053,6.32
491,109,7853,20,0.079,2.6
492,136,12049,3,0.006,-5.47
493,148,98452,11,0.182,5.87
494,151,5774,11,0.057,5.74
495,129,48630,16,0.103,8.89
496,112,49349,3,0.001,4.42
497,161,72437,10,0.085,3.25
498,96,22197,19,0.034,1.27
499,165,83193,11,0.18,-5.08
500,112,64720,9,0.142,1.08
501,128,18217,13,0.11,-9.73
502,8,77727,10,0.142,4.08
503,111,70070,12,0.113,12.41
504,73,32922,0,0.173,12.42
505,48,40282,18,0.103,-2.89
506,196,5597,13,0.151,-4.04
507,56,5573,9,0.051,12.96
508,140,90267,15,0.06,-7.93
509,3,97577,9,0.001,6.87
510,92,33233,9,0.18,-8.04
511,194,24496,18,0.014,-0.91
512,52,75991,19,0.019,5.62
513,181,20671,1,0.007,6.66
514,62,47372,5,0.175,3.52
515,111,7200,0,0.052,5.08
516,124,83541,3,0.057,11.46
517,28,36722,14,0.072,14.31
518,147,62402,15,0.087,0.04
519,164,44049,9,0.112,11.63
520,168,82053,0,0.04,-3.84
521,17,5152,12,0.192,-6.59
522,183,39136,4,0.173,14.4
523,111,15839,4,0.143,8.99
524,198,91723,6,0.008,-5.28
525,136,50926,11,0.091,11.76
526,46,79598,17,0.139,4.59
527,50,61451,3,0.16,-6.65
528,4,10482,3,0.135,11.57
529,177,99944,7,0.038,-4.21
530,145,64238,10,0.004,3.3
531,69,92893,3,0.08,-0.81
532,132,58626,19,0.058,7.06
533,82,47123,4,0.028,9.64
534,45,87927,0,0.048,-9.52
535,113,46600,9,0.091,10.64
536,132,35277,8,0.135,12.61
537,154,36732,3,0.037,-8.19
538,64,93493,6,0.037,6.48
539,175,63958,20,0.193,3.31
540,198,40079,17,0.016,-8.0
541,32,37859,13,0.151,11.19
542,83,31573,8,0.164,4.67
543,19,68671,20,0.057,-2.57
544,88,77375,10,0.09,5.56
545,69,52836,0,0.195,7.88
546,185,4096,7,0.199,8.43
547,156,90981,16,0.025,-4.49
548,82,68021,9,0.078,-4.64
549,1,80146,10,0.175,11.91
550,69,64714,7,0.141,8.16
551,58,64119,19,0.061,-2.46
552,183,46155,16,0.148,-8.01
553,145,8137,18,0.01,8.79
554,70,83203,4,0.199,-2.23
555,147,27987,11,0.084,13.06
556,78,21555,17,0.064,-0.24
557,109,33366,11,0.025,14.79
558,160,82861,11,0.159,2.59
559,13,16409,11,0.19,-8.19
560,88,29679,11,0.171,-6.19
561,91,89959,17,0.044,10.55
562,119,27172,15,0.031,-7.38
563,87,25866,5,0.035,-2.92
564,1,90864,2,0.055,-6.44
565,64,80061,12,0.12,3.78
566,175,86905,4,0.038,6.44
567,52,14287,15,0.167,-6.79
568,114,19486,0,0.122,-8.56
569,192,29439,20,0.177,12.39
570,197,1664,15,0.068,5.88
571,10,8937,16,0.146,2.61
572,79,28881,0,0.079,5.58
573,127,86660,19,0.151,13.68
574,194,40802,1,0.022,13.19
575,104,19231,19,0.173,2.15
576,90,59755,0,0.005,3.64
577,8,29268,17,0.149,11.48
578,93,63372,0,0.178,-8.53
579,80,14084,18,0.163,-6.06
580,124,3075,6,0.104,-6.93
581,122,86111,8,0.042,11.76
582,108,6612,1,0.177,14.16
583,84,57133,12,0.005,-6.86
584,168,75172,12,0.088,3.31
585,178,82940,6,0.169,8.94
586,60,29582,13,0.143,2.39
587,31,48045,9,0.007,12.76
588,166,52692,11,0.117,2.18
589,77,74536,8,0.168,-2.02
590,99,92719,6,0.178,0.56
591,50,58128,4,0.122,-4.34
592,62,77807,17,0.08,14.63
593,156,95011,4,0.096,-6.37
594,200,28856,13,0.132,0.42
595,22,36357,16,0.092,-0.04
596,27,10881,4,0.169,12.09
597,46,72116,3,0.184,-0.05
598,33,34826,10,0.038,5.98
599,178,8207,18,0.026,1.98
600,116,6655,12,0.091,11.24
601,15,2606,20,0.005,8.09
602,97,46405,3,0.038,14.41
603,150,38435,10,0.061,-9.45
604,67,4995,9,0.198,8.3
605,114,45950,5,0.176,4.84
606,55,20599,20,0.15,1.53
607,4,93896,14,0.065,14.12
608,141,65938,5,0.02,3.65
609,65,34381,3,0.055,-1.81
610,44,87886,5,0.062,8.43
611,52,87635,19,0.087,9.11
612,25,93028,1,0.197,-1.77
613,40,43679,7,0.05,3.39
614,83,18373,9,0.033,-2.27
615,2,64180,4,0.028,9.14
616,63,25825,8,0.006,3.8
617,34,14355,8,0.187,4.42
618,19,15002,0,0.133,6.51
619,128,72034,17,0.021,5.89
620,51,81924,4,0.148,-3.54
621,84,52237,0,0.183,12.09
622,44,36641,3,0.114,4.67
623,171,40362,13,0.171,4.04
624,59,95932,20,0.16,13.29
625,128,97540,19,0.068,-1.79
626,89,49946,11,0.018,13.24
627,64,70736,14,0.07,-6.19
628,84,89148,12,0.051,3.98
629,87,72975,2,0.178,4.62
630,130,31222,0,0.026,-7.89
631,130,39294,13,0.037,-7.98
632,80,20413,7,0.057,-4.37
633,20,45136,13,0.125,2.16
634,175,8094,16,0.072,-8.17
635,86,43841,5,0.015,-8.08
636,16,70950,12,0.123,14.22
637,53,58433,11,0.131,9.42
638,16,59289,10,0.169,2.81
639,41,77299,6,0.026,11.82
640,160,66264,7,0.137,12.19
641,59,13945,16,0.166,-1.66
642,142,11808,2,0.158,14.19
643,191,36976,11,0.1,-6.17
644,31,56422,2,0.183,3.42
645,94,77781,7,0.164,3.26
646,88,64413,9,0.125,10.25
647,68,14438,13,0.124,-5.99
648,169,49525,10,0.15,-1.11
649,128,87799,4,0.044,-7.51
650,7,71921,15,0.185,13.37
651,114,76569,18,0.2,4.12
652,171,33281,5,0.134,14.81
653,79,39673,4,0.024,3.7
654,26,30852,10,0.088,-3.7
655,154,52567,15,0.18,-0.63
656,38,86528,5,0.161,-6.07
657,168,90410,19,0.189,2.0
658,3,53838,19,0.09,-6.27
659,164,74964,7,0.062,-4.77
660,47,87286,16,0.024,11.59
661,81,63600,3,0.156,-0.91
662,52,29033,6,0.044,-1.78
663,120,75003,15,0.149,-7.56
664,181,35643,18,0.076,14.25
665,122,23016,10,0.166,0.65
666,156,42160,5,0.045,5.37
667,98,92729,14,0.12,10.41
668,163,29464,11,0.024,6.46
669,130,28497,15,0.189,3.3
670,9,62345,2,0.076,12.81
671,12,44031,16,0.153,-7.93
672,108,2348,19,0.052,-4.2
673,140,40475,6,0.0,11.59
674,65,54511,6,0.187,6.03
675,151,86750,14,0.193,12.54
676,26,32885,6,0.029,5.89
677,145,34100,6,0.11,10.06
678,182,91782,1,0.035,10.56
679,33,3416,11,0.019,0.1
680,191,4114,7,0.115,13.88
681,70,21149,0,0.029,-3.48
682,15,92274,3,0.192,0.84
683,155,21310,7,0.14,-1.78
684,58,3917,12,0.129,-0.37
685,79,10523,6,0.197,3.32
686,138,10959,5,0.156,10.8
687,17,53451,13,0.172,3.16
688,157,50976,5,0.189,-3.29
689,172,95939,16,0.175,-5.73
690,79,6106,19,0.165,2.17
691,83,33720,17,0.19,10.89
692,189,86277,12,0.161,-2.32
693,31,83851,8,0.134,6.98
694,96,70583,18,0.168,4.97
695,147,82509,0,0.012,5.68
696,139,63859,19,0.033,3.75
697,58,25253,4,0.101,-6.33
698,132,72760,15,0.18,3.79
699,168,32921,15,0.127,-1.83
700,95,27742,10,0.165,3.96
701,99,88873,3,0.013,2.98
702,79,28009,4,0.069,0.63
703,25,68507,15,0.079,1.85
704,146,30829,4,0.082,-8.55
705,128,41825,20,0.1,-5.73
706,46,23574,5,0.188,10.09
707,128,77133,14,0.153,8.89
708,200,59391,2,0.023,-4.34
709,192,74184,10,0.11,12.45
710,32,72199,0,0.145,6.19
711,196,65804,4,0.134,6.65
712,32,35001,14,0.023,13.78
713,180,42721,13,0.064,7.45
714,7,66129,7,0.158,-4.54
715,71,24932,5,0.027,13.55
716,172,85381,18,0.145,-0.29
717,92,59030,6,0.128,5.78
718,183,23907,20,0.17,3.36
719,56,14132,17,0.009,0.58
720,23,48422,4,0.084,-5.88
721,117,17418,16,0.179,10.62
722,98,13520,12,0.184,-1.09
723,106,20743,7,0.001,9.31
724,112,87377,8,0.004,4.74
725,92,94206,3,0.178,8.74
726,82,80554,3,0.186,-7.02
727,32,95661,6,0.098,-8.12
728,67,50638,13,0.021,-7.79
729,65,93165,6,0.16,-7.22
730,49,25263,4,0.001,10.76
731,182,28483,4,0.179,-8.26
732,194,73793,16,0.08,-4.2
733,147,86848,0,0.019,-0.22
734,126,54740,12,0.059,9.4
735,79,34597,2,0.126,0.45
736,73,30800,19,0.197,3.61
737,122,61580,8,0.148,-4.67
738,127,21391,13,0.045,-0.87
739,188,76225,14,0.081,12.0
740,137,20113,16,0.104,-2.74
741,44,82387,6,0.163,-8.13
742,172,27240,3,0.179,-8.9
743,91,78501,8,0.058,10.8
744,49,22326,9,0.197,-7.03
745,125,10308,2,0.054,7.29
746,172,39168,8,0.185,10.59
747,162,7078,8,0.101,8.93
748,116,14307,12,0.076,0.28
749,123,69756,16,0.029,1.5
750,43,91204,1,0.116,-9.55
751,21,75393,0,0.196,0.44
752,20,21607,16,0.131,-8.94
753,63,89400,10,0.177,11.77
754,97,88049,12,0.067,-0.26
755,41,5891,0,0.004,-4.37
756,42,99994,5,0.152,4.6
757,113,5329,17,0.116,-7.4
758,162,24215,9,0.105,-9.58
759,83,96514,3,0.195,2.81
760,163,42148,1,0.199,-8.54
761,24,81572,5,0.142,14.31
762,74,16212,20,0.074,-9.51
763,83,2966,20,0.008,14.79
764,74,77249,5,0.129,0.36
765,170,71428,11,0.183,9.66
766,77,77400,18,0.193,12.28
767,60,98234,6,0.183,-5.8
768,104,31262,11,0.137,9.02
769,123,96264,20,0.056,0.24
770,45,83147,12,0.194,-5.93
771,180,99807,11,0.072,6.48
772,182,66874,20,0.089,8.06
773,38,53043,4,0.012,-8.65
774,31,49872,3,0.05,-3.74
775,169,24389,13,0.042,13.6
776,186,34036,10,0.045,-2.07
777,132,3657,16,0.041,8.97
778,82,18251,16,0.013,10.64
779,192,52348,7,0.176,11.23
780,154,98829,16,0.198,-3.91
781,138,19574,16,0.14,13.03
782,54,87886,4,0.093,5.95
783,46,77362,8,0.085,-3.23
784,186,69879,7,0.151,14.66
785,88,72309,5,0.132,5.39
786,121,96026,18,0.108,13.72
787,133,52664,18,0.086,9.63
788,154,27156,14,0.162,-1.03
789,178,7580,7,0.196,-4.82
790,75,18922,4,0.076,11.82
791,42,13751,20,0.141,3.31
792,58,97548,1,0.149,4.28
793,130,41906,19,0.115,0.57
794,130,96069,10,0.005,12.57
795,129,48744,11,0.03,4.63
796,106,7571,18,0.153,7.92
797,56,51614,13,0.128,9.3
798,77,58727,16,0.095,0.15
799,32,3583,7,0.188,-4.02
800,41,75879,4,0.167,-8.42
801,158,6605,2,0.171,-3.6
802,166,81162,0,0.128,2.82
803,195,99121,14,0.141,11.22
804,155,97403,5,0.157,5.61
805,122,39129,17,0.031,0.47
806,101,43550,6,0.018,-3.5
807,107,11235,7,0.045,-8.5
808,169,44243,7,0.023,-6.71
809,63,73110,1,0.018,6.19
810,165,29354,5,0.134,-1.11
811,17,5863,19,0.193,4.96
812,77,23237,15,0.066,-9.23
813,21,97171,19,0.028,4.33
814,91,46702,1,0.139,4.87
815,191,46518,19,0.046,0.64
816,86,42099,2,0.132,-1.92
817,77,4118,14,0.156,4.95
818,193,32305,9,0.075,13.31
819,174,89653,6,0.055,-4.87
820,105,80237,5,0.013,-5.73
821,144,71426,6,0.156,-2.08
822,10,93343,2,0.086,3.76
823,9,60807,20,0.158,3.51
824,49,1011,14,0.137,7.81
825,4,47323,18,0.084,6.81
826,1,74697,11,0.13,6.91
827,16,74718,5,0.047,-6.0
828,116,25125,16,0.119,-1.69
829,165,33045,16,0.139,14.99
830,100,27087,16,0.055,-7.74
831,2,75547,8,0.007,13.5
832,72,40304,5,0.104,0.95
833,157,75388,19,0.056,5.42
834,3,86095,16,0.138,-9.77
835,156,31575,10,0.175,-8.01
836,94,98702,3,0.187,0.61
837,186,97154,17,0.155,1.67
838,44,56825,18,0.092,-9.55
839,191,21539,18,0.164,7.52
840,118,44372,1,0.09,2.33
841,173,71081,15,0.136,-1.34
842,180,31685,19,0.011,1.11
843,157,25232,8,0.054,12.06
844,118,60050,4,0.155,5.99
845,124,81809,18,0.176,-3.29
846,149,82596,18,0.192,-7.99
847,151,12755,1,0.179,2.88
848,54,19764,2,0.076,6.57
849,200,22924,3,0.137,9.58
850,140,59922,17,0.139,-4.39
851,153,89437,11,0.178,-7.32
852,199,26746,16,0.128,13.73
853,10,42015,3,0.063,8.07
854,94,54346,16,0.174,11.14
855,121,46977,4,0.046,-8.52
856,158,85392,0,0.02,5.37
857,150,70620,9,0.085,13.56
858,91,57806,18,0.14,-6.0
859,97,61582,2,0.072,-0.2
860,127,18344,6,0.168,0.85
861,82,49081,2,0.108,-2.92
862,128,82644,19,0.179,1.7
863,50,35720,0,0.012,-5.34
864,156,44474,1,0.098,4.62
865,109,61208,17,0.018,2.63
866,178,30616,2,0.157,-0.91
867,156,79108,3,0.011,14.27
868,145,47802,4,0.135,5.24
869,70,24103,19,0.147,2.33
870,93,40587,4,0.086,8.67
871,161,43186,12,0.196,1.17
872,7,18025,14,0.118,14.41
873,82,67175,7,0.067,13.43
874,198,84591,12,0.141,1.42
875,15,75952,13,0.091,7.05
876,16,25637,16,0.006,-7.08
877,189,14164,14,0.112,2.79
878,69,23181,9,0.194,-8.41
879,176,47266,16,0.136,5.19
880,84,85182,5,0.114,13.45
881,65,82688,17,0.1,-7.57
882,165,49942,14,0.13,12.31
883,105,32909,3,0.079,-9.27
884,188,49737,13,0.101,-9.19
885,32,42886,20,0.051,12.67
886,42,68095,1,0.023,7.57
887,1,68927,9,0.058,6.14
888,143,75539,17,0.01,11.81
889,88,34945,13,0.127,-7.42
890,147,78844,0,0.195,4.81
891,122,17744,10,0.191,-3.01
892,139,38626,15,0.045,-3.74
893,28,56259,11,0.052,-8.17
894,8,3749,13,0.081,-2.21
895,179,18264,19,0.079,-1.86
896,27,1908,15,0.11,9.93
897,162,74398,9,0.175,-5.85
898,100,14166,12,0.134,6.52
899,163,51798,0,0.059,-3.14
900,31,84753,3,0.002,12.99
901,143,21575,17,0.047,-8.84
902,35,17662,14,0.143,1.83
903,43,98929,7,0.051,4.48
904,11,48361,8,0.076,9.92
905,197,27382,11,0.084,11.97
906,108,89549,18,0.014,0.52
907,27,80034,8,0.185,3.52
908,35,90326,4,0.104,-0.21
909,135,17188,5,0.148,6.73
910,95,83138,7,0.043,-4.83
911,149,37326,11,0.151,7.5
912,91,1694,13,0.045,0.01
913,102,89068,15,0.142,1.41
914,112,8628,2,0.107,14.13
915,58,45017,1,0.041,-6.24
916,104,20125,0,0.024,5.61
917,10,26820,1,0.149,3.6
918,24,68848,8,0.177,4.91
919,36,45466,9,0.103,6.85
920,173,5994,3,0.155,-8.82
921,109,67835,2,0.196,-2.23
922,3,53922,16,0.033,13.09
923,184,9980,6,0.153,11.95
924,178,59403,9,0.033,-5.14
925,21,14735,19,0.017,-3.44
926,12,65654,11,0.138,12.31
927,23,87383,18,0.082,0.78
928,150,26643,7,0.12,12.4
929,85,32425,0,0.127,13.02
930,42,1617,16,0.128,-6.64
931,127,76185,0,0.087,-7.19
932,183,60374,13,0.177,-5.96
933,20,1355,16,0.135,-9.42
934,131,21215,0,0.193,-2.13
935,99,82618,19,0.069,-2.12
936,66,85656,17,0.191,12.71
937,141,64738,1,0.199,-1.66
938,151,56595,0,0.183,14.44
939,118,45244,6,0.035,-3.84
940,146,29372,11,0.107,6.6
941,187,64689,13,0.1,11.65
942,141,55456,17,0.003,3.07
943,51,27135,15,0.078,-9.6
944,143,69355,3,0.16,10.2
945,73,64788,5,0.107,-1.02
946,47,66569,6,0.076,11.3
947,114,48983,20,0.065,6.4
948,152,84735,10,0.041,2.46
949,147,7243,15,0.119,7.96
950,146,76423,5,0.146,12.7
951,105,72289,19,0.122,-9.12
952,7,15213,16,0.098,-7.03
953,200,2989,3,0.142,3.63
954,26,85741,7,0.105,2.11
955,79,12491,12,0.016,-9.07
956,32,2477,5,0.123,11.58
957,126,87495,15,0.13,14.43
958,153,52616,0,0.045,-9.74
959,184,93515,7,0.054,6.9
960,165,30339,3,0.086,10.06
961,45,43559,14,0.192,1.5
962,69,64809,20,0.079,14.86
963,167,73716,0,0.002,-3.02
964,125,37619,19,0.172,-7.82
965,176,97521,17,0.113,15.0
966,6,22797,13,0.147,4.06
967,42,30941,18,0.182,-1.01
968,74,14761,20,0.022,11.51
969,142,42263,2,0.126,-2.97
970,172,4780,13,0.111,12.23
971,76,65375,14,0.059,1.52
972,168,53276,7,0.136,10.88
973,7,55033,3,0.021,-2.65
974,60,34943,9,0.2,7.09
975,148,59092,11,0.161,0.41
976,88,36889,15,0.114,7.38
977,200,12818,12,0.164,5.9
978,125,78903,9,0.06,-1.98
979,133,77269,7,0.095,6.99
980,144,90931,6,0.065,3.97
981,192,43002,17,0.074,12.28
982,41,83945,7,0.124,-0.48
983,135,77390,16,0.105,-6.44
984,11,67817,8,0.071,-0.79
985,104,37026,19,0.167,-4.42
986,155,48458,8,0.104,12.66
987,145,11260,0,0.049,2.55
988,67,12417,1,0.152,14.3
989,101,48060,3,0.087,-9.91
990,68,95064,11,0.144,-6.42
991,69,37073,16,0.15,-4.32
992,191,68590,19,0.032,-4.77
993,75,30407,17,0.064,-4.19
994,53,99309,17,0.187,3.88
995,185,40991,5,0.037,-8.28
996,69,60185,16,0.153,13.57
997,162,51288,2,0.153,14.09
998,183,19978,1,0.133,10.64
999,113,57606,7,0.095,-9.55
1000,173,41919,2,0.049,13.12
1001,8,51923,0,0.124,13.86
1002,154,1358,10,0.154,-8.1
1003,67,66270,3,0.006,-4.36
1004,133,35417,19,0.008,13.4
1005,72,51691,6,0.092,-5.4
1006,44,26465,4,0.169,-0.57
1007,129,53920,11,0.123,5.91
1008,180,62725,12,0.045,1.05
1009,114,20921,15,0.151,-1.62
1010,38,62983,4,0.048,12.99
1011,42,95104,15,0.015,14.13
1012,159,73169,11,0.143,12.06
1013,198,61311,11,0.137,3.71
1014,59,95558,11,0.181,14.88
1015,118,23808,19,0.194,-0.41
1016,43,37236,6,0.198,13.99
1017,62,12953,13,0.134,-4.47
1018,78,14582,15,0.148,8.3
1019,140,28723,11,0.152,13.35
1020,99,91798,4,0.156,-6.21
1021,55,21280,8,0.001,-2.74
1022,71,47483,16,0.076,-1.73
1023,190,13232,1,0.104,3.51
1024,30,87609,7,0.166,14.37
1025,47,37065,15,0.07,7.62
1026,67,96294,5,0.033,14.57
1027,51,43645,19,0.066,7.28
1028,107,5962,7,0.167,12.14
1029,69,46146,9,0.199,-6.74
1030,36,81952,2,0.059,3.33
1031,80,16868,0,0.027,0.03
1032,83,24842,13,0.198,6.01
1033,64,96070,12,0.18,4.28
1034,172,19881,6,0.001,12.49
1035,164,55574,10,0.172,-3.58
1036,122,52684,10,0.143,3.09
1037,111,41624,3,0.062,-9.62
1038,12,67447,12,0.197,0.87
1039,55,65173,4,0.122,2.95
1040,7,33117,17,0.16,8.44
1041,135,71528,1,0.112,0.88
1042,160,57736,15,0.057,11.74
1043,14,38833,20,0.06,4.33
1044,177,46669,17,0.197,-6.73
1045,167,97380,20,0.19,4.51
1046,106,90320,6,0.131,-1.48
1047,46,79652,7,0.031,2.3
1048,169,40406,20,0.175,-7.73
1049,96,87917,3,0.164,3.16
1050,55,49717,9,0.187,-7.39
1051,71,84502,3,0.036,-6.47
1052,118,59122,16,0.0,-7.67
1053,50,18323,5,0.087,8.79
1054,134,28110,15,0.004,-5.58
1055,166,50804,2,0.096,9.68
1056,121,16201,18,0.064,-4.12
1057,190,90183,3,0.002,1.02
1058,85,62173,3,0.088,-7.82
1059,21,13412,14,0.15,-1.57
1060,91,47640,4,0.093,8.16
1061,112,11634,3,0.032,-7.89
1062,30,94898,7,0.104,-2.13
1063,149,35728,10,0.145,9.93
1064,88,85315,19,0.019,-2.6
1065,61,72371,4,0.156,-0.14
1066,193,95050,6,0.066,1.62
1067,51,91324,10,0.101,11.14
1068,18,23587,13,0.169,6.41
1069,134,85725,20,0.021,10.0
1070,47,4221,9,0.095,0.14
1071,152,1023,16,0.148,4.05
1072,73,36920,14,0.021,-8.47
1073,6,23578,15,0.137,12.04
1074,125,21707,11,0.064,13.41
1075,144,94166,2,0.047,14.05
1076,118,19962,19,0.038,4.99
1077,106,49342,7,0.071,8.56
1078,31,67115,2,0.014,-6.01
1079,161,36055,1,0.179,12.33
1080,134,15480,8,0.126,12.7
1081,11,94548,6,0.163,5.2
1082,119,14665,20,0.052,6.61
1083,54,89788,15,0.072,10.27
1084,94,70163,2,0.154,14.53
1085,166,39876,10,0.189,5.98
1086,63,67955,11,0.176,10.13
1087,50,18060,3,0.141,0.5
1088,40,45426,0,0.162,8.85
1089,122,94168,12,0.163,10.12
1090,138,33710,11,0.138,10.09
1091,106,1710,0,0.127,12.63
1092,194,51929,19,0.089,-6.86
1093,14,18522,6,0.034,-7.37
1094,115,59995,7,0.187,13.63
1095,18,97056,0,0.12,-4.85
1096,173,59468,8,0.11,11.1
1097,33,56522,14,0.159,9.71
1098,195,50332,5,0.149,4.45
1099,162,69459,4,0.015,0.1
1100,73,52843,19,0.14,-7.95
1101,84,44679,2,0.012,-4.31
1102,183,62240,4,0.01,5.24
1103,4,20345,16,0.095,13.6
1104,109,62912,4,0.017,-2.7
1105,181,61601,13,0.132,8.48
1106,24,35665,8,0.044,-1.1
1107,169,12822,19,0.149,12.08
1108,191,34937,2,0.104,-8.1
1109,158,46302,20,0.027,-0.78
1110,149,42234,20,0.036,-7.07
1111,79,47051,9,0.166,2.94
1112,79,9387,20,0.031,8.14
1113,86,50638,2,0.07,-9.59
1114,142,19868,17,0.064,12.44
1115,76,74056,5,0.035,14.36
1116,121,62180,12,0.011,6.89
1117,26,65941,13,0.087,1.18
1118,24,48468,20,0.078,13.96
1119,47,66307,7,0.046,14.92
1120,166,20768,0,0.194,9.28
1121,130,23634,17,0.151,6.96
1122,88,73392,20,0.158,-1.02
1123,83,71490,5,0.094,-1.65
1124,91,82409,6,0.194,-9.16
1125,73,61769,13,0.188,-1.47
1126,78,88423,6,0.149,14.87
1127,80,68379,5,0.021,-4.72
1128,22,7474,11,0.065,5.31
1129,172,50922,17,0.153,-3.79
1130,93,24004,15,0.058,5.81
1131,131,32530,11,0.057,-9.54
1132,6,2044,18,0.082,14.24
1133,120,84394,18,0.122,-4.97
1134,102,90252,5,0.093,11.01
1135,138,16953,0,0.028,7.49
1136,21,10543,4,0.006,2.92
1137,199,85973,4,0.045,0.14
1138,85,59428,17,0.013,-3.69
1139,128,42119,5,0.154,-0.3
1140,96,77784,3,0.143,10.16
1141,58,1799,16,0.062,3.03
1142,37,84176,5,0.038,7.38
1143,157,92932,16,0.02,11.84
1144,105,88534,18,0.151,12.85
1145,194,83516,13,0.159,-9.38
1146,192,99595,3,0.054,2.27
1147,70,88053,18,0.061,6.2
1148,87,8979,14,0.03,-3.67
1149,82,28391,14,0.08,7.81
1150,59,49446,7,0.045,1.59
1151,168,99421,15,0.169,-9.46
1152,27,40221,15,0.149,-9.47
1153,197,4658,0,0.163,-7.07
1154,14,93988,2,0.043,0.81
1155,139,45695,10,0.098,10.32
1156,104,88655,14,0.182,5.91
1157,150,19675,0,0.154,-1.94
1158,188,48942,19,0.162,-5.85
1159,137,8998,5,0.066,11.4
1160,189,69856,5,0.09,-1.69
1161,78,14497,5,0.047,-9.5
1162,177,19565,12,0.152,-1.85
1163,106,60491,1,0.062,9.34
1164,134,28262,0,0.19,2.68
1165,189,96723,16,0.009,-0.6
1166,23,16227,10,0.055,5.25
1167,25,58975,0,0.042,13.04
1168,72,40135,7,0.094,1.42
1169,31,49843,0,0.025,0.09
1170,8,76259,16,0.122,-1.5
1171,101,93834,6,0.103,7.7
1172,89,34675,4,0.041,-7.18
1173,41,22093,2,0.056,-0.34
1174,1,73629,13,0.146,-0.38
1175,165,43228,20,0.106,0.38
1176,139,26021,3,0.181,-7.02
1177,140,95148,7,0.076,13.85
1178,100,3347,20,0.132,11.4
1179,87,65756,14,0.119,12.42
1180,190,14656,14,0.081,-6.65
1181,118,56245,1,0.178,9.07
1182,123,16037,17,0.035,10.57
1183,161,96831,20,0.046,5.3
1184,137,94573,9,0.102,5.14
1185,81,46231,20,0.054,-1.93
1186,108,64211,1,0.057,14.07
1187,199,5631,12,0.043,2.92
1188,89,37604,2,0.184,-6.82
1189,81,2735,10,0.175,4.03
1190,81,31332,7,0.161,-0.98
1191,4,72661,16,0.154,-1.02
1192,17,10559,3,0.012,2.35
1193,10,5324,15,0.095,9.45
1194,11,97298,15,0.172,12.17
1195,160,99192,18,0.026,-8.12
1196,107,81971,5,0.06,8.05
1197,128,93402,0,0.176,5.8
1198,76,19516,17,0.028,8.31
1199,47,81311,16,0.153,2.38
1200,7,21718,5,0.016,1.27
1201,109,96937,18,0.121,10.91
1202,183,23305,10,0.001,10.84
1203,51,73631,14,0.078,0.53
1204,20,35748,10,0.125,-9.02
1205,164,83865,5,0.01,-6.52
1206,138,80711,12,0.157,-6.75
1207,5,57547,17,0.128,1.5
1208,84,75773,3,0.114,-4.45
1209,47,5833,8,0.034,7.06
1210,30,42296,13,0.033,-7.56
1211,172,77294,6,0.042,5.0
1212,93,15625,7,0.132,-4.27
1213,80,20337,15,0.189,2.73
1214,25,61629,10,0.168,2.43
1215,102,48143,17,0.039,3.05
1216,70,54017,13,0.124,-7.71
1217,196,79287,0,0.006,-0.94
1218,7,15840,15,0.006,-9.31
1219,163,81027,13,0.129,5.11
1220,148,37323,20,0.154,-6.97
1221,143,99994,9,0.039,0.98
1222,108,19133,14,0.189,3.67
1223,118,76301,11,0.011,-2.25
1224,7,49587,0,0.09,-6.32
1225,66,33522,20,0.053,1.7
1226,117,49381,13,0.061,-6.47
1227,31,88989,19,0.025,0.62
1228,53,48705,20,0.165,14.49
1229,157,20430,16,0.117,0.75
1230,126,15257,12,0.088,6.24
1231,9,41619,14,0.089,5.45
1232,152,5285,18,0.039,5.88
1233,9,24677,11,0.014,10.77
1234,72,63289,14,0.007,-2.1
1235,152,30760,8,0.146,4.43
1236,169,97983,6,0.01,9.62
1237,192,23988,3,0.069,-5.15
1238,131,32146,6,0.034,-4.04
1239,122,66560,7,0.195,-9.79
1240,198,88844,6,0.098,14.48
1241,90,77309,0,0.141,5.03
1242,28,78235,10,0.062,-2.66
1243,10,70095,17,0.145,1.94
1244,196,95334,13,0.027,-5.27
1245,165,96346,2,0.136,-9.44
1246,13,27956,11,0.076,-5.21
1247,76,15036,7,0.187,3.45
1248,123,64134,4,0.099,5.2
1249,55,54378,17,0.042,-1.77
1250,79,17833,17,0.122,11.14
1251,3,92971,0,0.018,9.07
1252,27,2500,17,0.051,8.37
1253,87,19329,4,0.152,12.89
1254,77,16716,19,0.191,-1.74
1255,132,32291,0,0.049,9.95
1256,4,74662,2,0.048,4.25
1257,23,11069,8,0.103,-2.05
1258,108,2769,14,0.025,-7.34
1259,135,85083,20,0.117,-0.87
1260,143,70648,15,0.085,6.52
1261,6,33435,15,0.083,9.21
1262,62,76595,9,0.015,-7.33
1263,178,72775,20,0.056,7.0
1264,124,48070,16,0.178,8.5
1265,121,86760,13,0.012,2.84
1266,185,9141,15,0.064,5.83
1267,199,72323,6,0.163,-2.46
1268,85,70925,15,0.115,3.38
1269,74,15531,11,0.083,8.01
1270,147,83742,5,0.168,4.1
1271,185,85883,5,0.055,5.56
1272,105,75379,11,0.063,-7.87
1273,1,42422,3,0.034,7.32
1274,59,57154,2,0.032,8.44
1275,182,41967,10,0.102,9.49
1276,130,40660,10,0.194,13.72
1277,98,55556,6,0.172,-9.72
1278,54,49238,14,0.143,-2.65
1279,62,95075,3,0.123,10.74
1280,96,58486,6,0.106,5.05
1281,126,38060,17,0.177,-5.01
1282,116,96875,13,0.126,14.2
1283,87,54445,0,0.081,-4.84
1284,105,63501,12,0.123,-3.93
1285,112,67872,8,0.155,13.48
1286,18,8842,16,0.152,-2.56
1287,131,38935,14,0.05,-3.17
1288,88,12679,2,0.063,1.42
1289,180,44820,9,0.15,11.28
1290,137,79917,20,0.187,-0.31
1291,53,76486,12,0.117,12.12
1292,172,60858,17,0.081,13.99
1293,103,99204,0,0.126,10.33
1294,54,84144,5,0.157,-8.2
1295,162,42565,11,0.169,1.92
1296,34,78627,10,0.082,-3.45
1297,174,71836,14,0.098,2.84
1298,60,57229,3,0.016,-3.09
1299,165,53830,20,0.016,7.45
1300,49,76659,2,0.129,-0.5
1301,152,77345,15,0.089,-7.3
1302,22,9410,19,0.005,-7.91
1303,138,13191,1,0.023,-2.51
1304,92,3122,4,0.044,-3.3
1305,200,7731,20,0.163,-3.09
1306,73,58537,0,0.16,3.91
1307,193,80777,10,0.18,11.74
1308,68,44765,5,0.131,-0.34
1309,81,61763,5,0.101,-6.74
1310,128,87722,18,0.175,9.35
1311,160,24180,18,0.007,-6.3
1312,39,89610,1,0.187,-8.89
1313,70,71441,15,0.188,11.45
1314,2,4246,8,0.109,-3.56
1315,84,23560,8,0.023,0.5
1316,73,3178,3,0.135,6.99
1317,170,28143,16,0.104,-9.06
1318,70,85537,16,0.068,7.29
1319,23,5777,4,0.046,-9.55
1320,43,42618,19,0.055,13.8
1321,176,19156,16,0.047,9.23
1322,113,71414,4,0.09,1.6
1323,156,63495,7,0.096,7.43
1324,69,47476,12,0.069,-6.94
1325,73,56053,19,0.162,-2.6
1326,25,51458,2,0.044,-8.17
1327,114,69839,9,0.046,10.47
1328,196,70678,9,0.035,0.54
1329,187,9758,11,0.147,4.75
1330,146,90435,12,0.048,2.53
1331,127,22119,7,0.127,10.43
1332,153,88570,19,0.159,4.63
1333,21,62928,5,0.185,2.26
1334,67,46628,0,0.013,-8.55
1335,38,74904,12,0.098,4.61
1336,119,8920,11,0.145,8.15
1337,58,69190,10,0.064,5.8
1338,25,22867,4,0.05,13.7
1339,145,19739,10,0.177,-6.49
1340,87,18923,5,0.044,-0.24
1341,43,8792,16,0.191,4.19
1342,51,88118,9,0.14,-0.95
1343,6,19306,5,0.194,6.99
1344,172,51602,19,0.103,-2.85
1345,133,61804,20,0.148,-6.15
1346,166,44916,14,0.135,5.1
1347,175,19854,14,0.006,-5.23
1348,193,34202,13,0.041,-8.1
1349,166,66512,17,0.199,3.69
1350,29,78870,9,0.141,12.14
1351,46,49218,12,0.098,9.15
1352,41,7404,4,0.055,-0.76
1353,145,83673,6,0.126,11.3
1354,147,27819,8,0.009,-6.76
1355,151,36765,7,0.142,0.37
1356,21,81872,4,0.024,1.2
1357,46,90232,16,0.063,9.14
1358,98,86127,15,0.121,2.0
1359,200,60264,5,0.112,7.63
1360,70,53940,15,0.071,7.45
1361,50,60610,9,0.141,-8.53
1362,67,58462,4,0.162,-0.69
1363,77,42544,3,0.042,11.9
1364,35,2037,14,0.009,1.84
1365,152,62912,17,0.032,-2.02
1366,95,61475,12,0.012,8.67
1367,177,74393,20,0.159,7.9
1368,113,21394,11,0.008,-3.64
1369,121,75537,0,0.187,14.68
1370,194,4322,12,0.09,9.33
1371,38,59284,12,0.162,1.29
1372,186,5665,16,0.12,7.03
1373,106,36549,16,0.173,13.15
1374,137,27079,8,0.142,-9.38
1375,131,66150,4,0.003,9.82
1376,52,1298,6,0.118,9.29
1377,136,22383,14,0.127,0.88
1378,113,72161,8,0.12,-4.87
1379,21,22521,2,0.084,3.9
1380,31,48941,14,0.004,-8.98
1381,73,5105,11,0.182,-9.18
1382,119,13222,4,0.073,5.83
1383,95,90593,19,0.081,12.26
1384,157,29287,18,0.072,-3.61
1385,141,11164,0,0.02,1.04
1386,99,80671,11,0.004,-3.24
1387,155,10993,3,0.176,-8.21
1388,143,88796,18,0.119,12.72
1389,53,74041,19,0.174,8.3
1390,75,32913,14,0.138,-3.88
1391,69,30489,2,0.053,-9.63
1392,118,10056,19,0.029,-6.76
1393,169,42461,9,0.09,10.24
1394,88,66136,17,0.156,13.43
1395,89,58742,7,0.071,7.11
1396,120,39278,18,0.092,4.82
1397,132,45316,17,0.052,8.71
1398,94,16257,0,0.095,3.43
1399,56,15732,3,0.074,-2.43
1400,32,30674,5,0.175,14.5
1401,101,2932,4,0.18,5.09
1402,23,52133,19,0.011,12.24
1403,69,1457,1,0.105,-5.76
1404,43,26136,19,0.088,-2.37
1405,178,52655,11,0.034,-1.24
1406,130,56260,18,0.122,1.22
1407,150,93372,17,0.125,6.01
1408,45,5219,8,0.051,-2.94
1409,122,48917,11,0.175,1.87
1410,129,29570,14,0.193,-4.64
1411,42,48745,14,0.103,0.7
1412,56,55149,18,0.024,2.01
1413,148,89989,10,0.018,5.62
1414,74,61586,15,0.132,-8.39
1415,127,81557,2,0.176,-5.37
1416,79,86053,11,0.181,11.72
1417,89,35077,10,0.164,-3.51
1418,121,75743,7,0.064,-0.12
1419,94,52207,7,0.131,7.63
1420,188,50586,14,0.004,-4.56
1421,151,64489,18,0.055,-0.53
1422,165,25429,18,0.099,12.25
1423,135,76290,4,0.198,0.08
1424,22,30957,10,0.141,-2.02
1425,155,17121,19,0.174,4.99
1426,42,59474,15,0.16,-7.79
1427,127,12768,17,0.024,8.89
1428,45,70170,7,0.042,-7.78
1429,186,34963,14,0.011,-1.33
1430,50,33646,16,0.091,10.93
1431,106,43371,6,0.159,-3.15
1432,200,17838,17,0.097,3.56
1433,24,57718,13,0.045,9.86
1434,158,30405,6,0.166,-8.25
1435,31,7030,10,0.052,-4.81
1436,77,49299,12,0.172,-8.26
1437,121,80893,10,0.052,11.98
1438,174,11479,1,0.094,-9.47
1439,114,63370,13,0.142,0.11
1440,90,88049,20,0.02,11.9
1441,67,8049,8,0.15,9.89
1442,113,64215,12,0.052,3.95
1443,142,11804,3,0.166,4.23
1444,179,50663,8,0.159,0.95
1445,164,56229,15,0.034,1.3
1446,36,9101,0,0.017,-8.02
1447,159,39562,4,0.028,8.2
1448,195,72342,11,0.098,-7.84
1449,1,75497,15,0.196,-7.55
1450,149,85356,13,0.076,13.06
1451,124,88331,3,0.031,-4.3
1452,45,97086,3,0.118,-9.7
1453,15,79793,2,0.032,7.72
1454,197,71801,9,0.176,4.81
1455,30,97164,9,0.166,1.38
1456,148,36482,2,0.034,13.99
1457,145,5578,8,0.111,-3.42
1458,170,42311,3,0.073,3.42
1459,101,13984,5,0.126,-9.63
1460,156,93795,11,0.124,-3.85
1461,154,4347,1,0.175,0.88
1462,140,13751,13,0.022,14.69
1463,71,12018,12,0.011,1.47
1464,93,13994,15,0.197,4.61
1465,86,77893,4,0.018,8.14
1466,187,93150,5,0.142,6.74
1467,179,55768,15,0.083,8.92
1468,193,7718,2,0.04,14.36
1469,28,6806,0,0.109,7.14
1470,11,11423,10,0.046,5.12
1471,72,83325,7,0.153,6.62
1472,61,5357,19,0.085,-5.36
1473,200,81151,18,0.182,-10.0
1474,171,81174,7,0.01,-6.38
1475,6,5970,6,0.039,9.6
1476,192,79925,4,0.09,12.31
1477,110,70136,1,0.135,6.51
1478,54,57491,9,0.054,4.31
1479,98,33490,0,0.189,-3.13
1480,124,95343,19,0.014,11.08
1481,79,44516,10,0.061,6.88
1482,54,22025,4,0.066,6.76
1483,184,87935,15,0.183,4.47
1484,192,26063,11,0.021,-1.19
1485,136,3463,3,0.063,12.58
1486,82,70307,16,0.195,0.5
1487,15,85997,5,0.072,-9.78
1488,124,37789,19,0.158,-7.87
1489,145,76460,1,0.122,-0.17
1490,185,81365,4,0.184,2.8
1491,155,5591,16,0.066,9.78
1492,145,72646,0,0.052,11.15
1493,37,34112,2,0.096,-9.14
1494,31,12740,1,0.112,1.95
1495,146,28019,10,0.175,9.85
1496,174,49061,19,0.072,-8.66
1497,148,24722,4,0.056,-2.8
1498,5,25319,15,0.038,1.84
1499,38,93927,20,0.097,6.31
1500,172,31721,5,0.151,10.46
1501,136,26772,6,0.137,-0.23
1502,121,29354,9,0.11,-7.75
1503,97,37852,15,0.089,4.96
1504,38,72149,17,0.027,8.35
1505,194,84572,3,0.184,11.89
1506,51,46201,4,0.113,7.9
1507,11,51125,17,0.062,2.77
1508,58,27836,10,0.194,-1.7
1509,12,26590,17,0.106,3.62
1510,159,21525,1,0.164,-2.04
1511,163,95971,18,0.019,-9.27
1512,172,92262,15,0.087,10.28
1513,10,22547,9,0.12,-4.39
1514,145,53114,11,0.047,5.27
1515,123,94026,13,0.094,-0.71
1516,142,5517,8,0.114,-9.74
1517,90,69588,0,0.133,-6.65
1518,183,91495,7,0.008,3.35
1519,124,4359,13,0.191,-2.54
1520,23,20790,19,0.106,-4.35
1521,165,4730,0,0.085,-2.44
1522,84,15982,12,0.18,11.97
1523,123,5221,7,0.176,-0.85
1524,181,32374,13,0.155,-0.68
1525,24,32482,18,0.182,9.09
1526,67,64573,2,0.086,-2.54
1527,12,24495,18,0.093,13.61
1528,155,78473,15,0.085,-8.58
1529,105,24114,4,0.089,3.32
1530,74,26574,18,0.035,-6.75
1531,15,99315,8,0.183,-5.86
1532,118,66083,5,0.141,-8.53
1533,146,79799,14,0.135,-9.77
1534,68,73492,8,0.124,-5.06
1535,73,20516,6,0.061,11.68
1536,153,96480,17,0.12,-7.89
1537,76,91442,6,0.139,13.0
1538,117,39365,14,0.095,6.77
1539,156,41550,14,0.141,6.59
1540,60,40392,3,0.093,6.38
1541,191,57851,17,0.176,-4.3
1542,83,53163,18,0.054,2.69
1543,98,41153,20,0.131,-9.22
1544,184,94923,11,0.18,-8.17
1545,68,97566,5,0.03,-5.67
1546,41,27964,6,0.019,-1.19
1547,105,14254,3,0.128,7.22
1548,7,6521,7,0.12,6.16
1549,63,37738,13,0.09,-6.52
1550,25,40033,7,0.01,-7.44
1551,3,94706,16,0.037,9.81
1552,187,35185,2,0.028,4.95
1553,72,94576,9,0.015,12.56
1554,132,79016,7,0.031,0.8
1555,37,90924,4,0.126,13.99
1556,83,33539,15,0.12,8.72
1557,39,71753,2,0.089,-5.5
1558,112,28312,10,0.02,-7.1
1559,26,99586,3,0.053,7.39
1560,10,30086,12,0.073,-8.28
1561,25,85033,4,0.044,-0.27
1562,193,14671,2,0.027,0.59
1563,196,5548,10,0.189,-3.52
1564,51,35227,5,0.125,-3.19
1565,174,80522,20,0.073,7.41
1566,142,24653,18,0.167,11.98
1567,136,25743,1,0.093,13.99
1568,25,12698,18,0.017,-3.85
1569,47,38592,12,0.085,-5.61
1570,117,50445,20,0.054,13.26
1571,129,59221,18,0.052,-3.09
1572,113,8507,9,0.194,10.3
1573,155,95003,6,0.127,-7.44
1574,30,28555,14,0.072,14.34
1575,192,28736,3,0.064,-3.24
1576,34,71842,19,0.18,7.97
1577,10,20417,20,0.153,5.92
1578,90,98587,20,0.123,13.18
1579,101,88698,18,0.032,-2.19
1580,34,51714,7,0.13,-4.79
1581,52,90518,3,0.067,11.32
1582,20,23438,7,0.121,-0.15
1583,177,76113,6,0.023,7.05
1584,168,32240,14,0.1,-9.61
1585,74,10860,20,0.038,-5.0
1586,14,62964,11,0.069,13.4
1587,52,65861,19,0.14,10.53
1588,178,85739,9,0.017,4.09
1589,40,28604,12,0.076,1.16
1590,56,23959,2,0.162,4.65
1591,42,53138,11,0.101,-5.69
1592,195,92310,18,0.126,-4.29
1593,141,32072,3,0.169,8.55
1594,178,11577,10,0.027,14.73
1595,107,65109,14,0.001,-7.6
1596,17,69892,1,0.086,-7.36
1597,9,85025,19,0.053,-6.11
1598,12,77803,5,0.185,-9.7
1599,146,25648,4,0.141,14.27
1600,13,11262,2,0.038,-4.48
1601,155,71505,14,0.058,-0.61
1602,36,28072,9,0.053,11.76
1603,99,21841,15,0.184,12.26
1604,70,13357,10,0.131,-2.6
1605,49,51508,1,0.173,3.04
1606,25,7759,15,0.161,10.7
1607,57,56960,19,0.075,-7.99
1608,9,27258,20,0.009,10.86
1609,89,30453,6,0.196,-2.64
1610,104,43244,18,0.098,14.5
1611,156,48080,9,0.0,11.26
1612,119,50290,16,0.022,-3.26
1613,8,99283,11,0.019,4.09
1614,42,96832,3,0.052,12.13
1615,122,11224,20,0.037,14.08
1616,99,10098,0,0.145,4.04
1617,176,80781,12,0.144,-9.87
1618,187,2329,2,0.149,4.23
1619,76,25174,8,0.163,-2.84
1620,141,57992,1,0.157,-4.11
1621,121,94583,3,0.061,-6.69
1622,140,44407,12,0.091,11.58
1623,2,15673,14,0.016,-1.32
1624,63,84714,20,0.063,9.97
1625,150,57534,16,0.098,13.91
1626,164,25324,19,0.03,7.07
1627,124,80274,7,0.002,-4.81
1628,161,39518,14,0.072,9.14
1629,46,21263,4,0.193,13.09
1630,78,53628,18,0.13,11.44
1631,110,15642,0,0.054,12.87
1632,61,41335,0,0.034,-0.84
1633,188,47454,10,0.05,3.8
1634,165,78916,4,0.166,4.91
1635,21,59416,3,0.122,12.85
1636,30,9010,11,0.014,0.73
1637,110,14232,0,0.101,-8.91
1638,60,5168,10,0.086,8.91
1639,180,47486,4,0.091,12.99
1640,128,6726,5,0.185,1.39
1641,196,87706,1,0.074,0.37
1642,114,69959,15,0.04,-8.68
1643,14,22006,9,0.151,-5.42
1644,55,82210,18,0.043,8.88
1645,126,20674,18,0.071,5.61
1646,134,58294,2,0.148,-0.05
1647,146,83093,10,0.142,-3.36
1648,181,69802,17,0.086,9.48
1649,172,55189,5,0.158,-2.62
1650,93,53211,3,0.085,-3.41
1651,164,65112,18,0.122,-4.76
1652,110,98956,6,0.073,10.08
1653,190,6900,11,0.021,-3.42
1654,107,98591,18,0.025,-2.96
1655,15,21464,2,0.107,3.86
1656,142,33122,12,0.174,-4.91
1657,25,24653,18,0.036,9.66
1658,115,67351,13,0.15,12.02
1659,127,28685,3,0.119,-0.38
1660,5,4873,17,0.039,-9.94
1661,179,98242,0,0.132,-6.0
1662,22,86831,12,0.096,-4.69
1663,122,79436,19,0.018,6.18
1664,97,82558,6,0.05,-7.66
1665,90,21106,0,0.088,9.78
1666,195,27125,11,0.139,9.69
1667,143,63587,19,0.186,-0.35
1668,36,39170,10,0.146,2.03
1669,61,53652,12,0.038,-9.2
1670,138,3929,16,0.191,-7.54
1671,16,6592,7,0.072,5.94
1672,80,71424,18,0.2,6.52
1673,193,33719,13,0.2,7.61
1674,119,72091,10,0.149,9.36
1675,95,71784,15,0.133,8.14
1676,150,41755,1,0.007,1.65
1677,55,5030,7,0.197,-5.32
1678,55,81851,16,0.15,9.79
1679,126,47461,0,0.043,9.6
1680,196,12566,10,0.136,12.03
1681,193,88852,4,0.046,-6.91
1682,168,89618,4,0.157,10.39
1683,64,5285,19,0.045,1.73
1684,112,92901,14,0.142,11.87
1685,34,61913,7,0.096,-7.09
1686,9,64601,8,0.15,-6.76
1687,33,69871,1,0.033,1.48
1688,167,16039,3,0.137,10.34
1689,51,89231,18,0.08,1.16
1690,105,12218,15,0.144,-0.38
1691,109,8159,14,0.087,5.26
1692,133,91144,7,0.056,-2.91
1693,69,2806,8,0.027,-4.97
1694,93,20723,1,0.185,-6.25
1695,127,28882,4,0.111,13.3
1696,36,66263,12,0.016,7.6
1697,185,89728,18,0.031,-6.56
1698,170,66152,9,0.01,-9.77
1699,44,86696,3,0.167,-3.19
1700,26,70631,1,0.111,-5.37
1701,24,86057,11,0.075,6.36
1702,31,49587,16,0.128,4.31
1703,4,12035,10,0.185,5.95
1704,139,82019,10,0.047,9.16
1705,133,42655,9,0.134,2.22
1706,68,8504,18,0.158,8.97
1707,39,81174,18,0.174,7.64
1708,154,59537,6,0.101,-4.62
1709,60,66587,19,0.077,11.67
1710,163,83178,8,0.083,11.91
1711,52,47636,12,0.021,2.57
1712,107,2200,9,0.158,-9.17
1713,67,58009,7,0.064,12.5
1714,134,70010,8,0.105,2.41
1715,71,81160,13,0.023,7.75
1716,183,81833,7,0.177,9.88
1717,75,41158,18,0.023,6.04
1718,73,67663,1,0.117,7.29
1719,48,2582,14,0.081,8.62
1720,31,46696,6,0.117,-5.42
1721,181,15627,1,0.047,1.16
1722,109,72698,1,0.009,-7.12
1723,137,22337,0,0.082,-1.1
1724,180,15642,12,0.194,-3.69
1725,22,39941,20,0.057,1.17
1726,22,39898,5,0.062,0.06
1727,181,71337,1,0.095,-4.51
1728,163,38220,0,0.177,1.21
1729,36,88972,8,0.156,-2.08
1730,17,25239,9,0.075,8.74
1731,42,71151,7,0.145,-3.96
1732,49,67680,18,0.167,-1.61
1733,189,52261,19,0.063,7.88
1734,64,8137,5,0.006,10.97
1735,127,99181,9,0.07,0.05
1736,95,11558,12,0.011,1.58
1737,130,90737,16,0.091,-6.95
1738,101,65273,3,0.075,10.87
1739,121,10596,11,0.065,12.5
1740,170,61148,10,0.09,-2.94
1741,192,61844,0,0.183,7.8
1742,43,64689,0,0.15,12.99
1743,92,78663,14,0.083,4.73
1744,113,86032,8,0.045,-6.23
1745,178,7684,12,0.089,1.59
1746,140,72586,2,0.082,2.35
1747,151,61511,18,0.121,1.1
1748,174,94899,3,0.033,4.09
1749,93,51412,16,0.108,-1.66
1750,171,18575,15,0.132,-8.25
1751,176,39459,2,0.172,13.87
1752,27,10694,4,0.067,10.58
1753,41,85742,17,0.052,-9.06
1754,115,79501,6,0.053,-1.46
1755,3,79055,7,0.064,7.78
1756,19,67380,4,0.062,2.34
1757,186,53583,15,0.19,-2.07
1758,65,3552,20,0.049,8.3
1759,54,22572,7,0.055,-4.01
1760,33,75675,4,0.095,-4.65
1761,165,18781,20,0.015,3.17
1762,155,26946,12,0.189,-0.99
1763,17,86413,0,0.083,2.97
1764,153,1975,10,0.141,10.13
1765,83,64515,10,0.184,-3.01
1766,108,75334,15,0.182,5.17
1767,3,71594,4,0.158,-6.64
1768,103,3369,20,0.009,1.32
1769,134,2639,1,0.046,-7.37
1770,187,30673,10,0.071,-9.6
1771,200,53254,2,0.118,-3.34
1772,115,11649,4,0.155,-5.28
1773,87,35850,17,0.128,12.06
1774,171,95790,6,0.051,-6.21
1775,32,53394,3,0.073,-8.0
1776,38,11398,6,0.019,7.57
1777,116,17559,20,0.084,4.26
1778,149,97013,19,0.027,-2.58
1779,60,88130,1,0.18,-4.39
1780,183,4409,11,0.112,-9.77
1781,163,57623,0,0.087,11.56
1782,34,65625,13,0.0,0.15
1783,82,55706,17,0.165,-9.15
1784,124,81658,1,0.074,-0.32
1785,85,85209,16,0.172,-8.76
1786,64,38466,20,0.198,0.5
1787,61,52633,6,0.147,1.24
1788,174,87122,14,0.117,-3.05
1789,128,38251,19,0.163,2.9
1790,129,76779,19,0.194,1.22
1791,21,99006,11,0.174,2.02
1792,161,86295,20,0.196,-8.38
1793,176,49213,15,0.161,2.0
1794,148,61885,5,0.017,-7.01
1795,197,49274,17,0.144,10.14
1796,29,62375,14,0.099,7.65
1797,127,69464,6,0.121,9.57
1798,87,9928,2,0.198,5.19
1799,73,13201,10,0.148,14.14
1800,142,1602,14,0.077,5.91
1801,179,1027,17,0.161,0.82
1802,120,3562,10,0.006,-8.41
1803,173,14651,13,0.024,-6.13
1804,165,63666,7,0.117,5.91
1805,156,27507,9,0.066,12.61
1806,152,91348,6,0.123,-2.2
1807,80,42639,3,0.08,-7.65
1808,22,4532,20,0.022,-9.03
1809,51,94207,12,0.017,8.49
1810,102,95518,17,0.15,-1.36
1811,96,60126,18,0.005,14.25
1812,19,96027,9,0.09,-8.23
1813,134,70260,14,0.155,-5.18
1814,27,72122,1,0.19,-5.95
1815,63,31564,4,0.114,-2.82
1816,186,54062,5,0.104,8.1
1817,38,11127,1,0.037,-2.3
1818,51,39068,12,0.08,4.75
1819,85,9807,12,0.003,14.74
1820,37,11794,20,0.122,3.85
1821,78,47098,7,0.103,10.72
1822,150,32033,19,0.142,11.34
1823,164,40003,13,0.161,-5.75
1824,157,67651,10,0.162,0.74
1825,178,3093,17,0.163,-9.1
1826,165,71116,3,0.086,6.26
1827,95,56411,18,0.149,10.87
1828,29,73563,2,0.023,-8.75
1829,74,17914,7,0.117,9.48
1830,40,99418,0,0.101,7.01
1831,121,88142,0,0.154,3.59
1832,58,51217,3,0.174,8.02
1833,31,98604,20,0.009,-3.45
1834,183,17511,2,0.189,-7.42
1835,90,32898,19,0.145,14.79
1836,187,88132,16,0.183,-0.09
1837,83,64651,7,0.024,-6.55
1838,62,39634,6,0.193,-8.38
1839,141,82149,8,0.074,-8.28
1840,149,41968,0,0.118,-9.95
1841,83,59248,0,0.032,7.21
1842,149,15370,14,0.186,-6.12
1843,129,37761,19,0.159,-3.66
1844,28,6411,19,0.04,12.71
1845,16,4576,10,0.175,5.18
1846,175,82456,14,0.066,7.9
1847,73,86481,1,0.001,6.02
1848,181,64956,1,0.01,-7.25
1849,86,26368,20,0.092,-0.68
1850,139,17671,16,0.075,-2.25
1851,5,12880,18,0.03,-3.36
1852,42,88693,9,0.014,10.19
1853,41,24054,10,0.04,9.18
1854,51,80033,5,0.09,12.13
1855,4,93250,12,0.128,-4.68
1856,29,44374,20,0.129,-0.45
1857,105,26087,19,0.134,4.48
1858,151,78374,16,0.067,7.45
1859,182,46905,14,0.19,9.6
1860,107,90648,7,0.161,-9.26
1861,102,74770,19,0.199,10.98
1862,188,57865,5,0.118,10.52
1863,167,63402,8,0.16,9.23
1864,192,63451,3,0.072,2.33
1865,106,58026,20,0.009,-6.15
1866,128,33723,6,0.075,7.37
1867,9,73817,0,0.07,10.65
1868,152,47427,4,0.194,-6.22
1869,84,52151,12,0.016,-5.34
1870,38,66733,6,0.199,6.98
1871,32,92800,14,0.065,7.91
1872,156,47307,4,0.127,-5.03
1873,18,41467,17,0.043,-5.29
1874,45,7651,15,0.05,2.97
1875,197,35820,1,0.111,-7.39
1876,93,10920,2,0.015,5.09
1877,182,54157,20,0.063,11.89
1878,24,79217,13,0.099,9.52
1879,136,40260,18,0.113,-4.84
1880,194,69733,7,0.115,6.15
1881,186,22806,20,0.136,12.72
1882,81,41505,15,0.16,-0.12
1883,140,20125,9,0.174,9.0
1884,164,5382,2,0.03,-8.57
1885,197,23008,16,0.186,5.37
1886,173,60256,8,0.141,11.55
1887,32,66413,13,0.134,-3.09
1888,27,17616,16,0.078,0.6
1889,49,77657,17,0.089,-6.95
1890,159,65133,2,0.155,-3.31
1891,123,63001,15,0.14,-5.51
1892,127,55481,15,0.044,-2.83
1893,34,79562,20,0.123,10.19
1894,119,11496,6,0.174,7.1
1895,125,45441,17,0.159,8.47
1896,191,11860,6,0.16,-4.91
1897,128,18186,2,0.138,9.52
1898,30,16987,7,0.001,4.32
1899,102,39794,17,0.195,-6.59
1900,104,29372,6,0.163,7.94
1901,120,76995,10,0.073,-7.35
1902,171,26818,16,0.156,8.27
1903,64,37218,0,0.056,-7.54
1904,166,42555,9,0.05,2.7
1905,81,99482,8,0.103,10.36
1906,91,83466,19,0.138,-6.51
1907,149,72538,8,0.07,1.49
1908,153,13542,2,0.142,-2.66
1909,85,37113,10,0.162,12.93
1910,16,79305,9,0.083,10.65
1911,179,95329,13,0.027,7.98
1912,34,38468,18,0.054,-6.75
1913,163,66494,11,0.038,1.18
1914,145,48437,6,0.147,-8.11
1915,126,56080,16,0.017,14.6
1916,180,51186,5,0.105,-1.98
1917,41,75388,14,0.13,12.77
1918,114,27889,13,0.043,13.78
1919,172,96150,8,0.001,-1.9
1920,102,51818,18,0.189,-8.84
1921,20,58713,16,0.113,-6.23
1922,44,7968,9,0.194,-2.32
1923,135,60256,15,0.172,6.57
1924,80,51058,6,0.145,13.91
1925,144,17497,10,0.063,1.03
1926,182,46501,7,0.005,13.88
1927,75,94017,14,0.171,-5.61
1928,122,98749,17,0.008,-1.68
1929,57,72817,14,0.169,10.05
1930,103,86477,11,0.163,9.43
1931,162,51156,11,0.168,-6.48
1932,170,97119,6,0.069,-6.0
1933,19,28905,9,0.112,-4.75
1934,173,19945,10,0.057,-7.5
1935,124,89405,1,0.077,6.58
1936,86,45937,16,0.006,-9.47
1937,85,82798,20,0.105,-4.41
1938,4,1386,6,0.1,9.57
1939,81,27777,20,0.04,3.47
1940,93,47874,20,0.181,6.61
1941,190,33767,10,0.183,-6.13
1942,185,21029,4,0.19,-8.91
1943,172,21705,13,0.069,10.03
1944,117,95182,14,0.116,14.32
1945,70,88651,1,0.031,-4.25
1946,93,97927,6,0.033,-7.29
1947,196,7627,19,0.102,-6.32
1948,55,56834,4,0.171,7.38
1949,161,70265,11,0.173,6.82
1950,80,33627,14,0.085,-7.23
1951,162,57178,8,0.16,3.89
1952,66,34067,12,0.092,11.62
1953,110,53596,5,0.005,-3.88
1954,199,88319,13,0.117,-8.51
1955,152,35207,5,0.19,-9.83
1956,187,28318,13,0.177,2.91
1957,61,57116,12,0.045,-5.43
1958,67,73076,18,0.156,2.4
1959,74,28971,17,0.188,-8.01
1960,159,14480,17,0.011,1.85
1961,175,86912,9,0.174,-0.89
1962,42,65579,0,0.139,-6.29
1963,73,17564,12,0.127,14.66
1964,132,96631,0,0.031,10.07
1965,113,17393,1,0.128,-2.68
1966,141,67421,1,0.02,10.7
1967,65,11206,20,0.036,-8.99
1968,10,22087,1,0.177,-7.92
1969,136,19384,12,0.056,-9.99
1970,169,45609,11,0.002,-6.81
1971,185,31736,7,0.145,-5.91
1972,168,87947,5,0.003,-0.73
1973,147,31469,16,0.053,-0.83
1974,145,48198,3,0.061,12.55
1975,186,77234,5,0.193,-8.08
1976,119,48204,14,0.127,-9.63
1977,89,89752,0,0.122,8.39
1978,187,74447,10,0.166,7.46
1979,82,36261,17,0.041,9.22
1980,186,52586,4,0.003,4.02
1981,84,20440,1,0.029,10.11
1982,123,61522,3,0.043,14.68
1983,22,10892,11,0.15,-0.29
1984,123,35835,4,0.136,3.35
1985,189,10707,20,0.012,-6.51
1986,142,15206,15,0.038,-1.37
1987,113,84058,10,0.144,1.22
1988,29,73471,14,0.03,14.72
1989,183,24792,4,0.159,14.48
1990,23,15468,17,0.153,-0.51
1991,43,21021,15,0.02,0.1
1992,165,22482,16,0.027,-4.36
1993,44,9353,18,0.089,12.01
1994,126,48906,5,0.153,12.35
1995,147,37521,7,0.145,-2.28
1996,153,3622,5,0.198,6.23
1997,137,22940,7,0.173,9.99
1998,114,54720,5,0.102,2.92
1999,85,11651,15,0.062,-7.09
2000,109,69467,13,0.178,9.48
2001,133,50131,10,0.162,14.46
2002,60,87370,11,0.072,13.93
2003,58,68705,13,0.166,-7.78
2004,100,1889,4,0.121,-9.29
2005,144,76897,11,0.065,9.52
2006,32,11204,8,0.005,12.57
2007,160,90755,14,0.196,1.17
2008,150,26470,16,0.117,6.87
2009,70,13971,11,0.011,0.61
2010,54,96250,5,0.16,4.73
2011,186,98071,8,0.002,-5.96
2012,54,24829,18,0.171,-3.39
2013,171,4544,13,0.017,-9.54
2014,140,88081,5,0.198,-1.44
2015,164,9580,18,0.169,10.96
2016,46,13606,18,0.011,-0.04
2017,24,22746,12,0.073,-0.58
2018,23,97770,12,0.065,3.41
2019,187,18340,4,0.176,9.26
2020,144,99304,11,0.188,3.56
2021,126,97344,2,0.149,10.06
2022,78,13383,13,0.152,-0.02
2023,169,42684,17,0.027,-7.34
2024,49,50241,13,0.137,8.63
2025,92,48822,6,0.061,-7.78
2026,125,45964,8,0.179,-5.57
2027,174,76839,11,0.042,12.46
2028,177,19504,18,0.179,6.34
2029,185,64707,11,0.164,10.9
2030,53,17139,9,0.169,12.95
2031,55,2282,11,0.107,-5.96
2032,98,52489,0,0.043,-8.08
2033,98,19872,2,0.118,-3.37
2034,196,79061,5,0.096,11.11
2035,181,16415,19,0.196,-4.96
2036,118,71140,4,0.084,0.56
2037,64,26967,9,0.111,-9.91
2038,83,24627,14,0.031,-4.2
2039,192,94253,19,0.147,7.7
2040,111,85149,7,0.15,10.2
2041,67,7854,9,0.043,8.31
2042,195,21440,5,0.045,-7.57
2043,92,48936,16,0.198,9.66
2044,138,1533,9,0.175,-3.59
2045,98,19616,3,0.199,4.8
2046,100,61751,18,0.105,10.37
2047,169,90759,15,0.176,-5.4
2048,195,51617,4,0.111,11.64
2049,165,24302,14,0.017,10.3
2050,144,25186,12,0.102,-7.27
2051,177,67104,16,0.158,-4.84
2052,191,64736,15,0.042,11.56
2053,57,17252,15,0.044,10.0
2054,104,21247,17,0.111,6.34
2055,23,82470,12,0.028,-3.78
2056,178,81666,14,0.117,-1.21
2057,105,91142,17,0.028,5.73
2058,17,11427,20,0.152,13.3
2059,192,42261,3,0.108,-7.54
2060,166,67824,7,0.11,10.16
2061,150,28385,2,0.119,13.87
2062,104,84863,14,0.199,4.67
2063,40,64607,20,0.179,-5.33
2064,72,19896,6,0.068,4.6
2065,10,8572,3,0.038,-6.31
2066,126,15871,17,0.19,-6.55
2067,117,34972,14,0.104,3.25
2068,99,34565,10,0.131,9.44
2069,97,87243,17,0.085,12.32
2070,115,61528,8,0.024,5.02
2071,20,82243,17,0.036,7.47
2072,9,59614,15,0.173,4.31
2073,34,85794,17,0.158,5.92
2074,45,2094,15,0.169,14.03
2075,5,27034,11,0.197,5.92
2076,104,42539,6,0.142,-8.31
2077,37,62964,17,0.134,-4.82
2078,82,18007,1,0.108,-7.49
2079,131,30929,15,0.177,14.32
2080,109,23569,15,0.038,1.22
2081,167,39456,16,0.191,8.63
2082,187,63344,1,0.086,-3.53
2083,89,13508,6,0.133,8.4
2084,114,1154,20,0.151,10.63
2085,54,53697,4,0.198,10.28
2086,151,95665,2,0.195,-7.81
2087,161,66388,0,0.042,-3.7
2088,139,58559,12,0.053,10.3
2089,93,46937,9,0.16,-3.29
2090,140,17722,16,0.129,-5.93
2091,39,15066,19,0.12,1.95
2092,144,82032,6,0.116,-0.66
2093,126,90415,0,0.163,-0.37
2094,193,26758,2,0.18,10.96
2095,42,80996,13,0.093,11.84
2096,102,24232,0,0.088,4.46
2097,192,64037,17,0.053,14.53
2098,70,15514,6,0.199,-2.47
2099,56,20164,0,0.179,-4.75
2100,25,18567,3,0.125,13.15
2101,5,95485,4,0.182,-0.13
2102,194,99708,19,0.085,5.86
2103,153,56432,5,0.156,-1.53
2104,18,1675,0,0.027,-6.59
2105,141,5751,18,0.025,-7.51
2106,74,70536,1,0.099,-1.97
2107,84,73494,9,0.145,14.19
2108,30,23450,5,0.018,-2.83
2109,161,97833,7,0.147,9.27
2110,32,20505,15,0.1,4.75
2111,89,97853,9,0.153,-4.04
2112,117,44578,12,0.129,-9.5
2113,125,49125,16,0.056,3.1
2114,66,6877,12,0.014,-3.14
2115,121,13714,18,0.075,2.28
2116,138,87439,8,0.139,13.67
2117,5,10598,9,0.038,-3.61
2118,108,13877,19,0.06,10.08
2119,52,50391,10,0.123,10.69
2120,100,7674,3,0.15,-0.21
2121,39,6653,8,0.102,13.31
2122,178,73766,4,0.07,1.67
2123,115,2484,2,0.157,1.51
2124,98,24569,16,0.066,-2.28
2125,156,51086,18,0.187,-4.33
2126,64,74184,14,0.129,-7.5
2127,177,90325,8,0.115,2.26
2128,9,39838,16,0.116,-3.62
2129,105,17035,4,0.053,-8.05
2130,127,52514,16,0.107,-1.41
2131,83,87521,14,0.11,4.13
2132,125,18192,3,0.043,-8.71
2133,26,7505,20,0.17,-5.75
2134,186,47775,15,0.046,-0.55
2135,72,37000,18,0.035,-6.03
2136,106,75580,0,0.184,-3.13
2137,39,89797,17,0.153,-4.8
2138,55,89507,16,0.03,-8.2
2139,39,13099,7,0.052,11.58
2140,44,81943,18,0.07,2.84
2141,88,93759,2,0.177,-2.26
2142,184,57833,4,0.191,-5.77
2143,11,40685,17,0.099,0.66
2144,168,2543,15,0.09,1.74
2145,60,80909,18,0.143,10.76
2146,136,90771,0,0.127,-7.42
2147,35,90719,20,0.175,-2.67
2148,198,30051,11,0.042,-3.98
2149,155,17161,15,0.197,-1.87
2150,89,5286,5,0.013,-6.51
2151,153,8357,8,0.161,-8.74
2152,67,80722,9,0.057,1.67
2153,183,8428,8,0.117,-7.41
2154,68,74459,10,0.122,1.42
2155,36,69671,19,0.197,-1.11
2156,34,39209,10,0.129,-4.17
2157,185,91607,1,0.088,6.36
2158,185,74135,8,0.015,5.22
2159,112,45837,18,0.198,0.97
2160,168,9158,13,0.192,14.47
2161,173,34013,3,0.155,-5.35
2162,157,4720,9,0.038,4.78
2163,85,35931,1,0.004,-2.47
2164,107,81547,10,0.169,-0.77
2165,4,51957,15,0.036,12.53
2166,114,57601,7,0.005,7.43
2167,93,13118,9,0.033,2.53
2168,149,61018,10,0.102,0.77
2169,138,79120,5,0.119,3.27
2170,87,2876,17,0.05,-1.12
2171,85,32971,10,0.099,2.09
2172,3,80245,19,0.066,4.12
2173,12,57909,6,0.022,-1.82
2174,59,70280,1,0.059,1.57
2175,97,65245,5,0.068,-6.69
2176,101,51271,0,0.162,10.75
2177,65,13385,0,0.099,4.91
2178,32,72294,13,0.011,13.06
2179,2,2838,19,0.029,4.05
2180,37,71843,16,0.064,0.72
2181,162,47359,3,0.103,-3.45
2182,136,22014,6,0.111,6.82
2183,176,71423,16,0.014,-6.88
2184,44,81847,20,0.161,9.38
2185,187,32885,0,0.188,-2.91
2186,140,78951,20,0.013,11.74
2187,131,94519,10,0.122,6.26
2188,187,77284,17,0.056,7.43
2189,27,86819,11,0.11,12.15
2190,19,94436,20,0.15,1.95
2191,137,67436,8,0.198,-6.46
2192,197,19684,17,0.157,6.57
2193,133,62666,5,0.05,-8.45
2194,197,53771,12,0.078,-5.94
2195,71,5814,16,0.12,-2.35
2196,45,79612,5,0.118,-6.86
2197,49,75968,18,0.149,11.71
2198,129,2315,3,0.114,-6.08
2199,64,56073,2,0.155,-9.47
2200,47,86579,11,0.095,-1.81
2201,173,15771,0,0.157,-8.53
2202,121,4500,13,0.103,-6.25
2203,108,36875,11,0.001,-7.57
2204,181,54953,11,0.135,0.28
2205,16,92718,0,0.164,-3.48
2206,148,33251,13,0.026,7.91
2207,133,61961,8,0.102,2.82
2208,124,20412,15,0.17,1.29
2209,188,45384,10,0.198,-9.02
2210,197,28544,12,0.007,10.54
2211,9,23375,4,0.152,5.92
2212,193,10711,14,0.161,-0.14
2213,89,39101,5,0.05,-7.43
2214,59,61273,19,0.066,9.3
2215,128,95446,18,0.123,-0.94
2216,28,29112,8,0.183,13.33
2217,125,76570,19,0.199,-9.69
2218,104,47236,4,0.091,-1.43
2219,158,20273,19,0.038,-2.97
2220,162,89630,19,0.167,9.83
2221,194,44107,1,0.032,3.78
2222,41,37290,15,0.099,7.4
2223,131,67422,16,0.016,3.3
2224,77,3958,0,0.105,-0.44
2225,99,12460,16,0.129,12.27
2226,151,28484,17,0.131,12.06
2227,173,44889,9,0.012,4.43
2228,69,56457,0,0.038,10.66
2229,82,1847,17,0.116,4.49
2230,154,20130,7,0.059,-6.97
2231,52,16339,19,0.067,-2.59
2232,112,20987,2,0.191,7.67
2233,114,67266,7,0.076,-7.92
2234,170,33815,12,0.16,11.33
2235,142,11980,6,0.053,3.7
2236,38,84035,4,0.056,11.92
2237,181,44411,20,0.034,1.39
2238,129,42374,8,0.004,-3.0
2239,178,84039,2,0.187,10.27
2240,8,72699,17,0.13,-8.95
2241,137,93564,20,0.162,13.14
2242,81,73496,4,0.008,-8.3
2243,172,70778,2,0.019,-8.75
2244,73,29188,2,0.116,-0.72
2245,107,58748,11,0.092,10.31
2246,132,59060,14,0.101,-4.35
2247,189,91614,4,0.102,-8.49
2248,141,26138,9,0.198,5.0
2249,139,92588,20,0.02,12.75
2250,127,49458,13,0.023,-2.42
2251,58,34460,8,0.104,14.65
2252,43,84606,0,0.011,-5.3
2253,183,75808,9,0.045,-1.03
2254,180,25581,2,0.168,-4.74
2255,82,43081,14,0.182,5.09
2256,68,90551,8,0.079,-6.82
2257,59,3669,19,0.051,12.32
2258,196,98672,16,0.132,-4.84
2259,110,19748,12,0.187,0.92
2260,46,94644,16,0.125,-6.56
2261,171,21197,1,0.068,4.8
2262,176,19187,20,0.027,3.57
2263,54,21182,1,0.009,-3.28
2264,65,38823,11,0.013,13.04
2265,34,63114,4,0.132,1.24
2266,82,32824,10,0.132,9.76
2267,124,89856,0,0.023,2.65
2268,29,85322,7,0.134,9.09
2269,81,54776,4,0.188,-8.08
2270,6,2560,15,0.163,-3.26
2271,164,56580,11,0.088,14.04
2272,196,72644,9,0.151,-0.48
2273,135,43259,19,0.048,8.36
2274,10,11278,3,0.132,-7.22
2275,162,91486,1,0.11,0.73
2276,44,53556,19,0.05,-1.82
2277,30,32629,8,0.027,-4.19
2278,186,31822,1,0.1,5.2
2279,53,94540,19,0.195,4.3
2280,67,51624,10,0.072,-2.96
2281,30,22966,19,0.136,3.54
2282,116,1423,18,0.182,-0.27
2283,192,42133,1,0.178,9.84
2284,115,7243,12,0.013,-9.82
2285,194,34031,12,0.044,12.22
2286,23,86170,9,0.015,-8.31
2287,63,61876,10,0.063,12.64
2288,105,76696,14,0.162,-4.04
2289,103,57792,16,0.022,-0.42
2290,150,86518,10,0.171,5.23
2291,191,29424,11,0.109,11.67
2292,94,61634,3,0.009,4.71
2293,48,59758,9,0.023,-4.34
2294,146,7771,20,0.032,3.99
2295,141,86297,13,0.028,-0.99
2296,4,62956,8,0.091,-5.72
2297,177,4492,8,0.093,-6.78
2298,135,22588,18,0.091,2.78
2299,37,23751,11,0.109,2.29
2300,6,44918,17,0.03,9.44
2301,177,30748,7,0.032,12.59
2302,19,60853,12,0.139,3.45
2303,176,20826,18,0.101,-0.22
2304,111,59933,3,0.176,3.6
2305,63,93203,11,0.118,12.83
2306,46,36842,4,0.121,2.05
2307,128,26895,4,0.197,11.15
2308,1,13126,1,0.177,-7.7
2309,167,96534,3,0.088,-2.91
2310,63,27082,9,0.006,-9.65
2311,99,49627,10,0.16,3.01
2312,68,19294,5,0.075,7.37
2313,154,50026,17,0.197,-9.45
2314,43,11792,19,0.065,-2.26
2315,41,75697,14,0.126,7.79
2316,47,76297,9,0.112,-6.51
2317,177,7745,7,0.092,3.35
2318,148,90272,11,0.183,1.06
2319,40,55578,17,0.14,5.92
2320,184,62323,19,0.075,-3.33
2321,51,85921,4,0.07,9.9
2322,22,54264,8,0.044,-1.18
2323,143,51607,9,0.156,-2.24
2324,119,71181,7,0.034,-4.47
2325,125,27286,17,0.197,1.08
2326,184,91050,20,0.013,-7.57
2327,161,49750,7,0.143,7.6
2328,113,36375,12,0.01,-6.74
2329,46,36652,11,0.034,-9.88
2330,23,14204,0,0.175,-8.07
2331,23,75520,11,0.165,-2.43
2332,147,34092,14,0.086,5.69
2333,38,12121,4,0.07,1.47
2334,10,64325,2,0.027,-2.93
2335,45,21629,17,0.03,-8.62
2336,21,17869,14,0.098,0.01
2337,161,25188,10,0.049,-3.59
2338,180,85824,2,0.156,9.59
2339,118,10676,15,0.141,4.01
2340,182,67262,17,0.142,-9.85
2341,72,4411,1,0.135,3.48
2342,95,85964,15,0.192,2.42
2343,85,22860,20,0.132,3.19
2344,76,20881,5,0.128,-7.95
2345,65,36823,19,0.135,7.27
2346,1,40589,15,0.131,7.63
2347,3,12500,15,0.051,11.59
2348,130,53651,20,0.194,11.79
2349,119,11001,19,0.134,7.35
2350,34,91502,17,0.022,-7.76
2351,79,8050,1,0.167,3.71
2352,110,84756,4,0.061,5.87
2353,22,52664,12,0.017,10.16
2354,181,60803,19,0.126,-6.95
2355,56,90638,5,0.098,-9.73
2356,127,12666,5,0.112,11.0
2357,83,10366,18,0.153,14.67
2358,159,74661,15,0.15,8.52
2359,28,67878,13,0.035,3.45
2360,149,84042,8,0.0,-8.65
2361,194,85735,13,0.003,-6.54
2362,104,15375,14,0.113,-5.76
2363,114,27334,9,0.04,3.37
2364,5,88379,2,0.1,7.79
2365,155,59772,7,0.179,-1.86
2366,24,93042,9,0.003,1.68
2367,91,4558,0,0.172,7.63
2368,1,71946,15,0.114,2.8
2369,32,33138,18,0.069,11.18
2370,152,89990,6,0.047,14.95
2371,87,40113,12,0.134,6.57
2372,94,96330,18,0.02,-0.65
2373,104,23305,13,0.037,-3.38
2374,198,24644,20,0.075,6.11
2375,4,48582,11,0.191,-8.47
2376,91,24294,11,0.108,-0.13
2377,128,37323,14,0.094,14.45
2378,114,83630,15,0.095,14.16
2379,111,71756,9,0.15,-4.52
2380,32,17654,10,0.143,-8.42
2381,10,95574,20,0.196,4.16
2382,113,71287,20,0.069,-3.84
2383,26,57002,4,0.015,1.29
2384,190,94577,15,0.017,2.54
2385,123,67721,20,0.015,8.94
2386,113,98861,10,0.124,-2.85
2387,157,89561,8,0.13,7.98
2388,84,78035,17,0.06,12.34
2389,5,71315,2,0.165,8.4
2390,171,61805,6,0.06,10.82
2391,87,61557,4,0.126,-3.08
2392,8,20693,16,0.071,-0.96
2393,183,16752,18,0.194,6.56
2394,190,46696,10,0.12,-8.38
2395,49,97494,11,0.017,-1.28
2396,132,48827,18,0.031,-9.82
2397,81,26440,1,0.094,11.68
2398,193,68362,17,0.054,11.76
2399,104,59250,14,0.066,-5.13
2400,144,44925,13,0.053,-2.0
2401,178,35822,1,0.124,1.49
2402,139,30055,1,0.005,-4.6
2403,43,57393,7,0.06,-4.14
2404,163,53679,18,0.003,13.08
2405,28,76511,5,0.019,-0.65
2406,103,63063,9,0.069,9.85
2407,166,54597,19,0.044,-5.63
2408,183,97029,18,0.17,6.49
2409,63,60848,3,0.156,-0.09
2410,118,72948,1,0.002,14.25
2411,177,79102,2,0.02,-0.01
2412,47,90044,14,0.016,4.92
2413,53,21407,16,0.021,-0.38
2414,156,98214,15,0.101,-0.26
2415,176,61703,19,0.132,4.42
2416,112,44585,5,0.172,-7.36
2417,75,88619,14,0.078,-7.57
2418,122,7925,3,0.145,5.8
2419,1,52380,18,0.007,10.86
2420,24,1771,13,0.079,-5.46
2421,85,72212,10,0.101,-6.63
2422,82,62605,7,0.052,6.32
2423,173,54241,13,0.009,-7.0
2424,138,50481,4,0.141,2.85
2425,176,79306,10,0.1,4.22
2426,165,90658,7,0.188,-0.27
2427,27,25803,0,0.066,12.63
2428,133,92957,6,0.152,14.89
2429,188,65562,8,0.078,-1.61
2430,6,52360,19,0.025,14.19
2431,67,82526,10,0.146,13.47
2432,88,26402,7,0.041,3.64
2433,1,37292,6,0.148,3.7
2434,120,19012,0,0.006,5.9
2435,116,83277,5,0.067,-9.93
2436,156,73585,12,0.106,-1.46
2437,180,24343,8,0.067,6.36
2438,76,94352,3,0.082,0.74
2439,35,5655,5,0.037,-2.77
2440,43,79408,18,0.035,2.29
2441,97,83981,6,0.182,11.33
2442,178,91881,16,0.116,9.35
2443,130,39869,5,0.088,9.74
2444,73,46264,7,0.066,13.83
2445,173,61995,13,0.005,12.4
2446,195,5826,2,0.121,-0.82
2447,167,86505,6,0.125,-4.87
2448,37,34965,13,0.134,9.46
2449,102,52886,3,0.087,9.05
2450,78,40355,8,0.054,0.1
2451,124,33529,0,0.149,7.16
2452,62,27255,9,0.048,1.82
2453,154,72957,5,0.066,-1.14
2454,59,34494,8,0.046,-9.01
2455,170,23603,9,0.145,0.78
2456,72,93216,12,0.024,2.63
2457,10,36903,7,0.067,-8.32
2458,166,54046,8,0.165,-8.05
2459,192,44401,9,0.143,1.23
2460,164,75582,15,0.184,11.63
2461,100,7620,0,0.162,13.57
2462,77,96173,11,0.052,9.99
2463,61,90828,3,0.022,-8.93
2464,129,93740,17,0.039,-6.96
2465,154,80905,2,0.077,1.46
2466,75,30302,9,0.005,12.13
2467,147,39066,3,0.168,-5.47
2468,61,57831,18,0.057,4.48
2469,199,96453,16,0.066,-8.15
2470,163,26072,6,0.115,1.41
2471,68,94098,18,0.057,10.24
2472,142,34824,0,0.015,5.46
2473,7,87805,11,0.026,14.34
2474,149,82355,14,0.166,4.47
2475,43,44627,8,0.009,5.04
2476,178,14829,19,0.056,0.61
2477,34,96448,5,0.061,3.91
2478,64,22857,17,0.009,-7.95
2479,30,49209,0,0.046,-6.08
2480,51,48727,19,0.002,3.5
2481,133,98323,7,0.163,5.5
2482,36,15783,10,0.069,2.24
2483,198,19737,13,0.052,6.35
2484,133,9799,8,0.006,8.82
2485,90,18137,14,0.168,13.87
2486,58,95601,12,0.15,13.6
2487,73,46585,4,0.121,-6.58
2488,72,15737,18,0.032,10.55
2489,174,4834,16,0.09,-0.43
2490,75,57617,14,0.154,8.27
2491,146,9793,15,0.179,10.87
2492,41,96107,15,0.161,3.44
2493,161,84098,15,0.068,1.26
2494,6,42130,3,0.181,2.35
2495,76,5579,14,0.067,1.46
2496,85,67360,6,0.072,14.11
2497,87,23456,0,0.069,2.39
2498,50,3648,6,0.197,7.4
2499,87,37454,2,0.171,0.63
2500,174,74322,16,0.074,6.25
2501,184,24290,20,0.151,-4.34
2502,155,80515,10,0.05,13.38
2503,180,48530,5,0.059,2.96
2504,184,36054,9,0.123,-1.57
2505,27,62700,18,0.14,2.17
2506,138,16012,6,0.105,14.58
2507,69,60335,4,0.189,-9.81
2508,199,78317,14,0.033,7.86
2509,170,54852,9,0.067,2.22
2510,61,90007,5,0.068,8.33
2511,64,58972,3,0.066,10.45
2512,99,67460,15,0.17,14.27
2513,135,44747,10,0.11,12.43
2514,139,2729,6,0.143,-0.72
2515,36,80819,19,0.136,5.84
2516,61,15020,4,0.162,1.69
2517,75,42219,12,0.091,9.64
2518,40,99392,7,0.106,8.3
2519,166,64388,17,0.152,2.32
2520,56,43594,16,0.14,13.16
2521,67,89032,3,0.199,1.94
2522,152,29609,19,0.068,2.78
2523,39,19492,11,0.084,3.2
2524,68,32703,10,0.072,9.84
2525,87,55516,6,0.022,3.35
2526,155,23781,14,0.111,12.4
2527,3,74973,10,0.147,11.76
2528,28,39154,7,0.088,0.16
2529,162,83847,12,0.054,7.45
2530,79,53603,1,0.034,-6.34
2531,64,83907,12,0.175,-6.53
2532,57,45919,18,0.03,6.93
2533,5,78547,11,0.186,14.07
2534,83,42653,18,0.11,-4.42
2535,185,87311,2,0.14,-2.89
2536,143,71347,0,0.155,-4.21
2537,107,57485,3,0.05,-4.62
2538,139,68275,20,0.077,2.85
2539,186,76209,14,0.01,-6.58
2540,13,79701,16,0.123,-5.06
2541,186,66049,10,0.009,-3.32
2542,147,75231,12,0.094,1.85
2543,184,27387,0,0.085,0.26
2544,74,20255,7,0.1,7.3
2545,133,74655,8,0.066,10.12
2546,11,56519,9,0.064,-5.27
2547,76,57038,13,0.066,-6.28
2548,20,14939,15,0.0,-3.33
2549,157,92670,16,0.0,-5.97
2550,108,26436,18,0.092,11.35
2551,25,89158,3,0.045,14.31
2552,78,73425,12,0.058,-7.37
2553,126,61530,9,0.075,6.03
2554,193,89854,10,0.056,13.83
2555,141,24626,14,0.094,5.51
2556,12,48552,2,0.006,12.95
2557,156,50049,15,0.142,5.02
2558,29,59722,2,0.05,-9.59
2559,147,15470,15,0.136,3.06
2560,27,92980,9,0.125,-2.15
2561,35,41578,0,0.19,-7.1
2562,85,40390,12,0.171,-1.0
2563,98,43610,12,0.096,13.15
2564,169,30985,20,0.019,8.78
2565,105,50069,16,0.07,12.11
2566,87,85152,10,0.121,-3.42
2567,82,52622,1,0.119,2.91
2568,66,75442,6,0.196,-0.5
2569,59,65919,10,0.158,1.44
2570,174,78225,20,0.14,4.3
2571,132,75182,10,0.046,7.78
2572,51,6992,20,0.013,6.55
2573,112,82512,0,0.135,11.3
2574,189,26877,10,0.134,14.56
2575,107,12985,14,0.175,9.73
2576,9,44694,17,0.091,13.57
2577,36,55857,3,0.049,7.65
2578,7,21674,6,0.094,11.71
2579,117,16654,0,0.101,-7.3
2580,130,78641,2,0.177,-7.27
2581,184,5959,15,0.197,14.63
2582,73,62259,3,0.023,-8.35
2583,117,71656,4,0.156,7.91
2584,196,88020,18,0.183,1.49
2585,9,25562,17,0.094,13.92
2586,189,28076,17,0.166,-8.42
2587,43,4048,7,0.122,6.22
2588,71,8591,0,0.094,-9.59
2589,15,73785,3,0.042,8.71
2590,169,65168,3,0.196,3.09
2591,118,90345,6,0.147,11.97
2592,5,90857,2,0.062,9.33
2593,25,7854,14,0.107,-0.87
2594,132,66370,19,0.174,5.91
2595,5,30736,3,0.173,1.31
2596,67,41832,4,0.149,10.16
2597,41,72253,2,0.021,-6.5
2598,32,82336,15,0.093,6.75
2599,90,90828,13,0.176,5.08
2600,192,12867,15,0.157,3.73
2601,150,39487,0,0.129,-4.32
2602,180,74983,4,0.04,-4.25
2603,116,14147,13,0.172,-4.89
2604,152,94270,9,0.035,5.66
2605,132,38787,8,0.127,-5.04
2606,37,58932,15,0.002,8.26
2607,110,94870,14,0.164,12.86
2608,178,30562,12,0.091,6.16
2609,131,32495,16,0.1,3.29
2610,4,85144,4,0.15,12.2
2611,99,59069,1,0.137,2.67
2612,44,96812,11,0.139,-0.14
2613,107,39998,9,0.042,3.85
2614,73,5135,6,0.037,-7.59
2615,185,1989,20,0.134,3.39
2616,129,61548,0,0.137,5.75
2617,158,37556,2,0.081,0.9
2618,110,18464,17,0.141,-9.77
2619,144,88133,9,0.126,4.09
2620,134,28122,12,0.189,-1.87
2621,118,81801,14,0.125,9.75
2622,91,46677,1,0.065,14.75
2623,112,89741,2,0.05,-7.49
2624,103,16436,19,0.135,2.22
2625,11,36791,8,0.033,-2.92
2626,111,13528,11,0.14,5.13
2627,116,19136,9,0.064,-5.58
2628,95,70946,16,0.043,3.94
2629,61,34011,18,0.125,5.96
2630,130,98771,8,0.069,1.76
2631,14,84879,1,0.017,-0.78
2632,134,64430,9,0.069,14.59
2633,6,58826,7,0.17,-6.25
2634,162,18062,13,0.059,9.81
2635,174,73974,4,0.051,5.77
2636,145,71696,3,0.116,2.03
2637,55,95609,10,0.05,4.39
2638,30,12127,0,0.085,10.29
2639,198,26339,13,0.111,3.82
2640,62,85625,16,0.112,2.43
2641,60,58178,14,0.097,8.14
2642,196,41985,10,0.127,-1.22
2643,164,44236,0,0.141,9.1
2644,190,24304,4,0.024,8.52
2645,23,25119,12,0.091,0.93
2646,47,22063,16,0.113,-7.82
2647,71,72171,3,0.15,11.54
2648,195,12767,19,0.134,-8.31
2649,68,14981,15,0.091,0.88
2650,121,9171,0,0.138,-0.59
2651,13,5816,0,0.101,5.36
2652,44,31047,19,0.089,-5.94
2653,98,58388,12,0.088,-3.82
2654,192,59841,18,0.175,-0.85
2655,198,1846,4,0.175,-8.34
2656,139,62614,11,0.061,-6.28
2657,81,24953,0,0.008,-4.89
2658,56,17860,16,0.045,6.25
2659,77,42018,1,0.162,1.09
2660,173,41245,2,0.183,-7.61
2661,149,38819,6,0.119,12.01
2662,154,66089,19,0.074,4.51
2663,64,71984,0,0.15,-9.45
2664,86,66822,14,0.16,3.37
2665,77,8338,16,0.066,3.01
2666,57,63886,4,0.164,6.64
2667,55,71735,0,0.137,14.52
2668,138,71296,2,0.185,-3.23
2669,100,66197,5,0.126,14.76
2670,169,47024,15,0.181,11.13
2671,81,79834,11,0.003,0.72
2672,180,3726,10,0.102,4.63
2673,124,21095,8,0.09,0.55
2674,155,83924,12,0.167,1.07
2675,152,94949,5,0.122,10.52
2676,187,67861,19,0.192,0.64
2677,60,50135,6,0.121,3.67
2678,143,58030,10,0.107,-1.63
2679,132,58146,20,0.117,14.15
2680,107,70971,9,0.069,2.99
2681,64,95711,5,0.126,13.67
2682,138,36011,11,0.062,-0.5
2683,30,72044,8,0.008,9.26
2684,171,66122,10,0.071,-4.54
2685,172,77518,14,0.116,-5.13
2686,100,3940,11,0.062,-1.48
2687,120,60659,13,0.099,-1.26
2688,36,40509,18,0.159,-7.6
2689,42,90654,7,0.184,-3.14
2690,129,90168,14,0.123,-3.85
2691,3,56389,20,0.066,6.04
2692,190,87533,5,0.144,-4.79
2693,120,36559,4,0.105,-1.62
2694,21,78157,17,0.058,-4.94
2695,197,56163,20,0.077,-1.85
2696,88,62900,6,0.07,1.34
2697,185,8312,11,0.121,-9.21
2698,50,1784,10,0.116,4.9
2699,184,35089,5,0.185,11.9
2700,111,4419,3,0.159,1.51
2701,20,85030,5,0.082,5.63
2702,3,42212,11,0.193,1.27
2703,60,79551,10,0.017,12.76
2704,47,1860,19,0.106,11.46
2705,199,71432,8,0.057,-3.42
2706,159,94761,17,0.159,10.18
2707,124,48198,10,0.122,4.25
2708,94,77146,4,0.057,8.87
2709,1,80003,13,0.16,-4.18
2710,43,75200,13,0.075,8.28
2711,33,80408,1,0.176,-9.67
2712,54,35811,8,0.017,11.12
2713,117,25975,8,0.074,6.78
2714,193,72742,18,0.026,13.85
2715,81,8277,0,0.04,10.71
2716,94,34609,16,0.044,-7.18
2717,103,30890,13,0.137,-1.25
2718,111,23179,4,0.053,13.65
2719,45,50650,18,0.106,-8.12
2720,190,66961,5,0.148,-0.97
2721,31,43463,0,0.153,3.71
2722,28,52511,1,0.051,11.28
2723,157,1115,12,0.06,-8.92
2724,7,42936,4,0.112,5.5
2725,169,27478,16,0.079,-1.05
2726,79,17907,2,0.098,11.97
2727,30,12667,4,0.05,-3.51
2728,72,17012,17,0.187,-0.33
2729,178,12217,0,0.044,14.11
2730,14,49833,13,0.044,-9.09
2731,52,1173,2,0.047,-6.78
2732,8,9210,3,0.128,-0.99
2733,83,98004,3,0.083,2.83
2734,93,62169,0,0.19,13.73
2735,105,18764,14,0.151,-3.7
2736,131,24236,2,0.011,0.63
2737,122,54178,3,0.018,6.58
2738,197,30883,15,0.087,-5.89
2739,182,27090,11,0.184,4.03
2740,103,2931,2,0.033,11.54
2741,119,43480,11,0.025,8.46
2742,97,10164,18,0.13,13.82
2743,140,27613,20,0.147,14.74
2744,128,13234,20,0.126,-5.12
2745,76,57073,14,0.031,1.26
2746,85,33056,20,0.099,14.21
2747,7,67195,11,0.046,13.32
2748,102,10912,19,0.028,-2.86
2749,145,43687,9,0.173,4.64
2750,27,78106,19,0.095,-3.04
2751,76,84237,15,0.043,-6.99
2752,123,70080,6,0.061,-0.17
2753,83,44609,4,0.12,-0.36
2754,64,79976,10,0.089,11.23
2755,48,84424,9,0.171,1.04
2756,8,8144,5,0.019,-2.65
2757,77,12774,6,0.165,13.77
2758,151,44192,12,0.082,-1.78
2759,1,30130,12,0.159,-4.23
2760,28,74142,19,0.032,-5.39
2761,165,74142,12,0.055,-2.24
2762,40,91989,2,0.072,10.09
2763,29,67021,12,0.007,-2.09
2764,15,83494,2,0.051,-1.38
2765,172,58029,11,0.089,13.83
2766,18,88992,2,0.022,5.79
2767,133,95764,0,0.068,-7.49
2768,14,73734,18,0.165,6.82
2769,155,33332,16,0.01,12.99
2770,153,59471,1,0.029,-9.53
2771,137,67329,11,0.18,7.9
2772,15,1950,1,0.143,-1.1
2773,133,52071,20,0.153,10.52
2774,187,81909,9,0.085,14.17
2775,72,53004,11,0.145,3.73
2776,36,88656,3,0.002,4.37
2777,179,55208,11,0.184,2.91
2778,153,92151,20,0.184,2.54
2779,70,85452,12,0.176,0.89
2780,139,28673,13,0.124,1.45
2781,145,46848,3,0.048,10.35
2782,200,22891,16,0.121,9.9
2783,199,66678,2,0.087,14.19
2784,33,67635,0,0.01,12.65
2785,52,27271,2,0.071,10.88
2786,8,24289,8,0.07,12.45
2787,49,96992,13,0.151,-6.92
2788,192,49048,4,0.036,-4.25
2789,108,55201,1,0.02,-7.53
2790,175,70541,7,0.024,2.51
2791,186,97341,6,0.127,-5.6
2792,125,46588,15,0.165,0.03
2793,62,17559,13,0.166,-2.07
2794,14,83664,20,0.076,6.01
2795,151,8923,15,0.188,2.14
2796,48,96308,15,0.135,10.46
2797,42,89532,6,0.061,1.97
2798,166,71757,19,0.009,-4.8
2799,121,6623,10,0.121,-8.91
2800,26,59105,2,0.08,-5.03
2801,176,39612,6,0.121,7.08
2802,44,31868,7,0.128,8.65
2803,13,79360,14,0.142,-9.1
2804,8,61380,11,0.12,10.35
2805,77,92819,14,0.044,6.84
2806,110,3781,12,0.065,8.0
2807,153,90812,14,0.131,-6.05
2808,144,58274,12,0.122,-2.51
2809,65,10055,5,0.072,3.46
2810,44,89971,11,0.178,-3.44
2811,46,92166,17,0.165,-5.66
2812,172,18036,3,0.094,13.14
2813,13,14812,11,0.096,2.03
2814,154,12418,13,0.132,6.62
2815,146,99483,15,0.057,12.83
2816,32,27131,14,0.073,1.46
2817,103,34983,8,0.075,4.48
2818,49,47880,15,0.009,-4.16
2819,121,4039,19,0.016,9.49
2820,35,70459,1,0.176,6.74
2821,132,51343,14,0.001,14.2
2822,119,18036,7,0.052,3.35
2823,169,17392,3,0.098,10.61
2824,42,95628,7,0.09,-8.91
2825,29,48794,19,0.02,2.68
2826,184,66570,4,0.094,10.15
2827,195,14898,16,0.132,4.82
2828,98,82522,16,0.056,-0.08
2829,122,72294,8,0.053,-3.1
2830,43,38773,5,0.18,8.1
2831,100,99671,8,0.094,-4.54
2832,10,93808,5,0.112,13.17
2833,42,40441,13,0.059,5.59
2834,115,15456,18,0.021,0.36
2835,140,55412,6,0.133,2.31
2836,69,77668,17,0.164,4.9
2837,49,66088,11,0.191,-4.18
2838,121,97966,12,0.036,-9.33
2839,172,4913,13,0.066,2.16
2840,154,6376,10,0.039,1.24
2841,174,83778,20,0.174,4.57
2842,31,65862,12,0.013,7.38
2843,138,34937,11,0.124,8.04
2844,102,43254,16,0.005,-1.41
2845,88,33006,13,0.192,1.39
2846,138,12718,8,0.165,-1.07
2847,97,35597,18,0.166,-3.93
2848,128,24030,16,0.155,4.18
2849,123,99664,17,0.082,1.24
2850,74,27514,0,0.009,9.95
2851,87,41359,14,0.068,3.02
2852,52,19880,19,0.119,3.78
2853,187,77329,14,0.017,-2.07
2854,27,45510,5,0.029,-2.0
2855,75,34881,16,0.136,12.0
2856,187,92409,14,0.131,-7.8
2857,94,66327,18,0.056,-9.04
2858,197,99607,12,0.196,3.59
2859,185,30466,6,0.047,-5.31
2860,89,62466,20,0.198,-7.62
2861,35,11104,12,0.145,9.93
2862,184,37673,10,0.114,7.05
2863,45,15030,5,0.082,3.32
2864,148,86266,16,0.195,-7.65
2865,108,71381,6,0.116,-2.13
2866,159,31659,9,0.123,6.3
2867,118,15837,6,0.133,5.68
2868,79,26716,11,0.161,-0.46
2869,43,61942,10,0.139,12.41
2870,38,92980,4,0.129,-3.0
2871,76,77286,16,0.124,13.46
2872,88,82913,10,0.154,13.14
2873,87,46652,13,0.011,6.68
2874,183,60757,17,0.128,1.6
2875,59,96659,20,0.18,9.9
2876,26,19076,8,0.12,-1.0
2877,120,84236,2,0.135,-9.51
2878,47,95784,10,0.019,-4.68
2879,45,3138,15,0.191,-0.49
2880,50,89389,7,0.001,13.78
2881,200,71701,2,0.089,10.67
2882,54,22752,2,0.055,3.35
2883,147,81187,15,0.108,2.18
2884,153,12550,7,0.02,-8.7
2885,78,23831,7,0.166,5.49
2886,163,8980,18,0.075,7.1
2887,48,64611,18,0.064,-3.59
2888,121,11161,11,0.07,-0.86
2889,193,53415,13,0.114,14.99
2890,66,16473,18,0.151,-6.52
2891,46,50480,20,0.154,9.24
2892,41,94822,15,0.069,14.44
2893,164,11016,16,0.085,13.62
2894,116,46112,12,0.019,7.77
2895,138,33449,18,0.002,6.85
2896,104,91791,10,0.019,6.22
2897,157,16769,0,0.091,-3.62
2898,162,91670,0,0.075,9.87
2899,134,9315,0,0.108,0.0
2900,101,61457,4,0.046,14.87
2901,65,89313,17,0.197,9.38
2902,173,85352,0,0.146,8.94
2903,95,22505,14,0.144,-7.84
2904,92,74466,8,0.08,0.43
2905,180,70922,6,0.022,3.67
2906,41,1971,11,0.178,6.18
2907,101,64907,0,0.12,-3.29
2908,194,31855,20,0.16,11.65
2909,154,41854,7,0.091,5.68
2910,109,60330,4,0.049,4.17
2911,101,88926,0,0.047,14.82
2912,100,33247,12,0.123,-4.11
2913,91,52749,18,0.003,-6.14
2914,116,8016,3,0.083,11.72
2915,158,60165,1,0.173,0.99
2916,64,92648,18,0.127,12.21
2917,105,21484,11,0.067,3.96
2918,108,43059,7,0.08,-9.9
2919,45,17174,6,0.086,13.56
2920,4,32506,9,0.135,-4.78
2921,142,35097,12,0.125,-2.62
2922,116,74444,20,0.039,11.16
2923,23,21554,18,0.156,6.58
2924,147,46938,19,0.147,4.75
2925,6,11004,15,0.111,-4.78
2926,86,35951,13,0.045,-2.94
2927,161,49935,20,0.021,-6.03
2928,50,64350,15,0.183,7.34
2929,119,66126,14,0.117,4.09
2930,113,98953,10,0.006,-0.48
2931,89,2293,18,0.027,12.24
2932,164,19292,2,0.053,-6.47
2933,179,4901,4,0.03,-5.58
2934,163,8519,10,0.109,11.93
2935,33,10344,12,0.066,11.08
2936,35,37774,7,0.074,-3.67
2937,196,28334,2,0.082,10.68
2938,30,69368,17,0.017,11.33
2939,153,64629,11,0.099,10.74
2940,168,46377,2,0.004,14.48
2941,71,31821,11,0.144,-3.47
2942,80,17380,13,0.102,-7.53
2943,7,17814,17,0.077,3.46
2944,25,66941,10,0.123,-6.47
2945,113,84168,1,0.078,9.22
2946,107,50090,5,0.138,7.96
2947,23,81842,13,0.156,-8.12
2948,130,89699,19,0.116,9.92
2949,149,9455,17,0.077,4.46
2950,132,74731,15,0.191,2.94
2951,11,80987,10,0.187,-0.02
2952,190,73402,4,0.074,-5.4
2953,115,47475,1,0.199,1.87
2954,63,36890,20,0.0,13.36
2955,37,30605,18,0.175,2.2
2956,192,96513,9,0.093,14.06
2957,12,9953,11,0.097,-8.56
2958,84,49097,16,0.112,-6.17
2959,131,39819,15,0.022,4.37
2960,154,84945,7,0.023,-3.74
2961,88,32488,8,0.075,9.43
2962,158,54885,6,0.107,2.99
2963,98,61394,7,0.001,12.54
2964,22,31083,7,0.109,-7.37
2965,39,4043,20,0.057,14.51
2966,76,33421,17,0.021,-3.24
2967,79,25586,15,0.178,13.39
2968,20,2640,6,0.092,1.56
2969,26,34266,1,0.065,7.43
2970,178,11646,12,0.049,-1.5
2971,112,7606,7,0.178,5.04
2972,37,49474,13,0.119,-9.29
2973,42,9494,17,0.065,-1.85
2974,164,69833,1,0.124,-7.73
2975,92,49450,20,0.034,6.43
2976,135,69630,14,0.01,9.95
2977,168,84157,7,0.168,8.8
2978,112,77962,10,0.005,-5.62
2979,41,83972,7,0.172,-3.34
2980,79,12975,18,0.143,12.4
2981,109,80168,15,0.172,11.13
2982,180,25657,14,0.071,9.56
2983,187,77305,19,0.192,11.17
2984,128,49203,15,0.125,12.22
2985,69,73281,12,0.07,7.59
2986,136,13315,0,0.142,6.77
2987,39,62196,14,0.135,6.66
2988,32,59853,6,0.08,-5.53
2989,168,36529,6,0.033,10.79
2990,133,83495,17,0.047,-7.64
2991,54,93919,20,0.142,14.05
2992,10,8303,2,0.079,3.2
2993,47,51374,15,0.083,9.76
2994,12,31121,20,0.103,7.57
2995,200,9298,15,0.185,-7.71
2996,5,33906,8,0.193,10.98
2997,134,57021,19,0.023,13.71
2998,67,17876,19,0.083,6.72
2999,54,35524,0,0.039,-9.33
3000,80,21206,12,0.069,-2.86
3001,201,4838,0,0.032,0.0
3002,202,4615,0,0.043,0.0
3003,203,4262,0,0.019,0.75
3004,204,3736,0,0.014,0.0
3005,205,4216,0,0.022,0.0
3006,206,4344,0,0.019,0.0
3007,207,2277,0,0.037,0.15
3008,208,2723,0,0.025,0.4
3009,209,4587,0,0.017,0.0
3010,210,3373,0,0.037,0.0
3011,211,2612,0,0.02,0.28
3012,212,4570,0,0.04,0.29
3013,213,3847,0,0.048,0.0
3014,214,2398,0,0.039,0.0
3015,215,4407,0,0.019,0.13
3016,216,3620,0,0.025,0.13
3017,217,3122,0,0.018,0.06
3018,218,2661,0,0.048,0.0
3019,219,4033,0,0.045,0.76
3020,220,3853,0,0.043,0.0
3021,221,2368,0,0.011,0.0
3022,222,3366,0,0.037,0.0
3023,223,3461,0,0.014,0.0
3024,224,3931,0,0.023,0.41
3025,225,3380,0,0.077,1.39
3026,226,2647,0,0.085,0.0
3027,227,2755,0,0.086,1.03
3028,228,2416,0,0.149,0.0
3029,229,3689,0,0.149,0.0
3030,230,3358,0,0.2,0.0
3031,231,2869,0,0.03,3.33
3032,232,5757,0,0.1,0.0
3033,233,4178,0,0.07,0.05
3034,234,4274,0,0.053,0.64
3035,235,5671,0,0.148,2.98
3036,236,3780,0,0.11,1.56
3037,237,4976,0,0.064,4.04
3038,238,3924,0,0.129,0.0
3039,239,4059,0,0.042,0.0
3040,240,3434,0,0.11,0.0
